Model,Window_Start,Window_End,Months,Positives,AUC,PR_AUC,Brier,Precision,Recall,F1,Specificity,Youdens_J,TP,FP,FN,TN
ensemble,2014-09-30,2017-08-31,36,0,,,0.0003126807068827757,0.0,0.0,0.0,1.0,0.0,0,0,0,36
ensemble,2014-10-31,2017-09-30,36,0,,,0.0003126807068827757,0.0,0.0,0.0,1.0,0.0,0,0,0,36
ensemble,2014-11-30,2017-10-31,36,0,,,0.0003126807068827757,0.0,0.0,0.0,1.0,0.0,0,0,0,36
ensemble,2014-12-31,2017-11-30,36,0,,,0.0003126807068827757,0.0,0.0,0.0,1.0,0.0,0,0,0,36
ensemble,2015-01-31,2017-12-31,36,0,,,0.00033860663280870163,0.0,0.0,0.0,1.0,0.0,0,0,0,36
ensemble,2015-02-28,2018-01-31,36,0,,,0.0003386066328087016,0.0,0.0,0.0,1.0,0.0,0,0,0,36
ensemble,2015-03-31,2018-02-28,36,0,,,0.0003386066328087016,0.0,0.0,0.0,1.0,0.0,0,0,0,36
ensemble,2015-04-30,2018-03-31,36,0,,,0.0003386066328087016,0.0,0.0,0.0,1.0,0.0,0,0,0,36
ensemble,2015-05-31,2018-04-30,36,0,,,0.0003386066328087015,0.0,0.0,0.0,1.0,0.0,0,0,0,36
ensemble,2015-06-30,2018-05-31,36,0,,,0.0003386066328087015,0.0,0.0,0.0,1.0,0.0,0,0,0,36
ensemble,2015-07-31,2018-06-30,36,0,,,0.0003386066328087015,0.0,0.0,0.0,1.0,0.0,0,0,0,36
ensemble,2015-08-31,2018-07-31,36,0,,,0.0003386066328087015,0.0,0.0,0.0,1.0,0.0,0,0,0,36
ensemble,2015-09-30,2018-08-31,36,0,,,0.00036453255873462756,0.0,0.0,0.0,1.0,0.0,0,0,0,36
ensemble,2015-10-31,2018-09-30,36,0,,,0.00039045848466055344,0.0,0.0,0.0,1.0,0.0,0,0,0,36
ensemble,2015-11-30,2018-10-31,36,0,,,0.0004987171217377761,0.0,0.0,0.0,1.0,0.0,0,0,0,36
ensemble,2015-12-31,2018-11-30,36,0,,,0.0010657482796080583,0.0,0.0,0.0,1.0,0.0,0,0,0,36
ensemble,2016-01-31,2018-12-31,36,0,,,0.0042129979862753015,0.0,0.0,0.0,1.0,0.0,0,0,0,36
ensemble,2016-02-29,2019-01-31,36,0,,,0.007879061663608366,0.0,0.0,0.0,1.0,0.0,0,0,0,36
ensemble,2016-03-31,2019-02-28,36,0,,,0.007949329517918793,0.0,0.0,0.0,1.0,0.0,0,0,0,36
ensemble,2016-04-30,2019-03-31,36,0,,,0.007962909764832373,0.0,0.0,0.0,1.0,0.0,0,0,0,36
ensemble,2016-05-31,2019-04-30,36,0,,,0.008059171762586893,0.0,0.0,0.0,1.0,0.0,0,0,0,36
ensemble,2016-06-30,2019-05-31,36,0,,,0.008306085342833806,0.0,0.0,0.0,1.0,0.0,0,0,0,36
ensemble,2016-07-31,2019-06-30,36,0,,,0.00855299892308072,0.0,0.0,0.0,1.0,0.0,0,0,0,36
ensemble,2016-08-31,2019-07-31,36,0,,,0.008825838429253559,0.0,0.0,0.0,1.0,0.0,0,0,0,36
ensemble,2016-09-30,2019-08-31,36,0,,,0.00913823124753909,0.0,0.0,0.0,1.0,0.0,0,0,0,36
ensemble,2016-10-31,2019-09-30,36,1,0.8428571428571427,0.125,0.03163329297593415,0.0,0.0,0.0,1.0,0.0,0,0,1,35
ensemble,2016-11-30,2019-10-31,36,2,0.8161764705882353,0.1736111111111111,0.0554814411240823,0.0,0.0,0.0,1.0,0.0,0,0,2,34
ensemble,2016-12-31,2019-11-30,36,3,0.803030303030303,0.24166666666666667,0.07932958927223044,0.0,0.0,0.0,1.0,0.0,0,0,3,33
ensemble,2017-01-31,2019-12-31,36,4,0.79296875,0.3039772727272727,0.10317773742037858,0.0,0.0,0.0,1.0,0.0,0,0,4,32
ensemble,2017-02-28,2020-01-31,36,5,0.7709677419354839,0.3146103896103897,0.1277233359000674,0.0,0.0,0.0,1.0,0.0,0,0,5,31
ensemble,2017-03-31,2020-02-29,36,6,0.8027777777777778,0.47870370370370374,0.13843246619304653,0.0,0.0,0.0,1.0,0.0,0,0,6,30
ensemble,2017-04-30,2020-03-31,36,7,0.8251231527093595,0.5888736263736264,0.14048224904630438,1.0,0.14285714285714285,0.25,1.0,0.1428571428571428,1,0,6,29
ensemble,2017-05-31,2020-04-30,36,7,0.7955665024630542,0.5195532758557968,0.1546354576145765,0.5,0.14285714285714285,0.22222222222222224,0.9655172413793104,0.10837438423645329,1,1,6,28
ensemble,2017-06-30,2020-05-31,36,7,0.770935960591133,0.5007936507936508,0.15591233613919167,0.5,0.14285714285714285,0.22222222222222224,0.9655172413793104,0.10837438423645329,1,1,6,28
ensemble,2017-07-31,2020-06-30,36,7,0.7463054187192117,0.48440813572392516,0.15627357680372447,0.5,0.14285714285714285,0.22222222222222224,0.9655172413793104,0.10837438423645329,1,1,6,28
ensemble,2017-08-31,2020-07-31,36,7,0.7463054187192119,0.4844081357239252,0.15624271260619393,0.5,0.14285714285714285,0.22222222222222224,0.9655172413793104,0.10837438423645329,1,1,6,28
ensemble,2017-09-30,2020-08-31,36,7,0.7463054187192119,0.4844081357239252,0.1562377743345892,0.5,0.14285714285714285,0.22222222222222224,0.9655172413793104,0.10837438423645329,1,1,6,28
ensemble,2017-10-31,2020-09-30,36,7,0.7463054187192117,0.4844081357239252,0.15623283606298458,0.5,0.14285714285714285,0.22222222222222224,0.9655172413793104,0.10837438423645329,1,1,6,28
ensemble,2017-11-30,2020-10-31,36,7,0.7463054187192117,0.4844081357239252,0.1562278977913799,0.5,0.14285714285714285,0.22222222222222224,0.9655172413793104,0.10837438423645329,1,1,6,28
ensemble,2017-12-31,2020-11-30,36,7,0.7463054187192119,0.4844081357239252,0.15622295951977527,0.5,0.14285714285714285,0.22222222222222224,0.9655172413793104,0.10837438423645329,1,1,6,28
ensemble,2018-01-31,2020-12-31,36,7,0.7463054187192117,0.4844081357239252,0.15619209532224468,0.5,0.14285714285714285,0.22222222222222224,0.9655172413793104,0.10837438423645329,1,1,6,28
ensemble,2018-02-28,2021-01-31,36,7,0.7463054187192117,0.4844081357239252,0.15618715705064,0.5,0.14285714285714285,0.22222222222222224,0.9655172413793104,0.10837438423645329,1,1,6,28
ensemble,2018-03-31,2021-02-28,36,7,0.7463054187192117,0.4844081357239252,0.15618234201244138,0.5,0.14285714285714285,0.22222222222222224,0.9655172413793104,0.10837438423645329,1,1,6,28
ensemble,2018-04-30,2021-03-31,36,7,0.7463054187192117,0.4844081357239252,0.15617740374083672,0.5,0.14285714285714285,0.22222222222222224,0.9655172413793104,0.10837438423645329,1,1,6,28
ensemble,2018-05-31,2021-04-30,36,7,0.7463054187192117,0.4844081357239252,0.15617246546923205,0.5,0.14285714285714285,0.22222222222222224,0.9655172413793104,0.10837438423645329,1,1,6,28
ensemble,2018-06-30,2021-05-31,36,7,0.7463054187192117,0.4844081357239252,0.1561675271976274,0.5,0.14285714285714285,0.22222222222222224,0.9655172413793104,0.10837438423645329,1,1,6,28
ensemble,2018-07-31,2021-06-30,36,7,0.7463054187192117,0.4844081357239252,0.1561625889260227,0.5,0.14285714285714285,0.22222222222222224,0.9655172413793104,0.10837438423645329,1,1,6,28
ensemble,2018-08-31,2021-07-31,36,7,0.7463054187192117,0.4844081357239252,0.15615765065441806,0.5,0.14285714285714285,0.22222222222222224,0.9655172413793104,0.10837438423645329,1,1,6,28
ensemble,2018-09-30,2021-08-31,36,7,0.7463054187192117,0.4844081357239252,0.15612678645688746,0.5,0.14285714285714285,0.22222222222222224,0.9655172413793104,0.10837438423645329,1,1,6,28
ensemble,2018-10-31,2021-09-30,36,7,0.7463054187192117,0.48440813572392516,0.15609592225935687,0.5,0.14285714285714285,0.22222222222222224,0.9655172413793104,0.10837438423645329,1,1,6,28
ensemble,2018-11-30,2021-10-31,36,7,0.751231527093596,0.4873321123321123,0.15598272535067503,0.5,0.14285714285714285,0.22222222222222224,0.9655172413793104,0.10837438423645329,1,1,6,28
ensemble,2018-12-31,2021-11-30,36,7,0.7758620689655172,0.5040616246498599,0.15541075592120004,0.5,0.14285714285714285,0.22222222222222224,0.9655172413793104,0.10837438423645329,1,1,6,28
ensemble,2019-01-31,2021-12-31,36,7,0.8004926108374385,0.5232297464440321,0.15225856794292816,0.5,0.14285714285714285,0.22222222222222224,0.9655172413793104,0.10837438423645329,1,1,6,28
ensemble,2019-02-28,2022-01-31,36,7,0.8251231527093597,0.5454212454212455,0.14858756599399042,0.5,0.14285714285714285,0.22222222222222224,0.9655172413793104,0.10837438423645329,1,1,6,28
ensemble,2019-03-31,2022-02-28,36,7,0.8251231527093597,0.5454212454212455,0.14851235986807534,0.5,0.14285714285714285,0.22222222222222224,0.9655172413793104,0.10837438423645329,1,1,6,28
ensemble,2019-04-30,2022-03-31,36,7,0.8251231527093597,0.5454212454212455,0.14846791542363116,0.5,0.14285714285714285,0.22222222222222224,0.9655172413793104,0.10837438423645329,1,1,6,28
ensemble,2019-05-31,2022-04-30,36,7,0.8300492610837439,0.5501831501831502,0.14833698491391858,0.5,0.14285714285714285,0.22222222222222224,0.9655172413793104,0.10837438423645329,1,1,6,28
ensemble,2019-06-30,2022-05-31,36,7,0.852216748768473,0.5769230769230769,0.14806414540774576,0.5,0.14285714285714285,0.22222222222222224,0.9655172413793104,0.10837438423645329,1,1,6,28
ensemble,2019-07-31,2022-06-30,36,7,0.874384236453202,0.6087662337662337,0.14779130590157294,0.5,0.14285714285714285,0.22222222222222224,0.9655172413793104,0.10837438423645329,1,1,6,28
ensemble,2019-08-31,2022-07-31,36,7,0.896551724137931,0.6473716759431045,0.14754439232132605,0.5,0.14285714285714285,0.22222222222222224,0.9655172413793104,0.10837438423645329,1,1,6,28
ensemble,2019-09-30,2022-08-31,36,7,0.9014778325123154,0.6575757575757575,0.14745501107896875,0.5,0.14285714285714285,0.22222222222222224,0.9655172413793104,0.10837438423645329,1,1,6,28
ensemble,2019-10-31,2022-09-30,36,6,0.8833333333333334,0.6186868686868686,0.12517537853912947,0.5,0.16666666666666666,0.25,0.9666666666666667,0.1333333333333333,1,1,5,29
ensemble,2019-11-30,2022-10-31,36,5,0.8774193548387097,0.5842424242424242,0.10249296980974833,0.5,0.2,0.28571428571428575,0.967741935483871,0.16774193548387095,1,1,4,30
ensemble,2019-12-31,2022-11-30,36,4,0.8828125,0.5825757575757575,0.08214786389253476,0.5,0.25,0.3333333333333333,0.96875,0.21875,1,1,3,31
ensemble,2020-01-31,2022-12-31,36,3,0.9090909090909091,0.6464646464646464,0.059647492182797524,0.5,0.3333333333333333,0.4,0.9696969696969697,0.303030303030303,1,1,2,32
ensemble,2020-02-29,2023-01-31,36,2,0.9852941176470589,0.8333333333333333,0.03608487675219776,0.5,0.5,0.5,0.9705882352941176,0.47058823529411775,1,1,1,33
ensemble,2020-03-31,2023-02-28,36,1,1.0,1.0,0.026102366749461647,0.5,1.0,0.6666666666666666,0.9714285714285714,0.9714285714285715,1,1,0,34
ensemble,2020-04-30,2023-03-31,36,0,,,0.02592012231101562,0.0,0.0,0.0,0.9722222222222222,-0.02777777777777779,0,1,0,35
ensemble,2020-05-31,2023-04-30,36,0,,,0.01325915228232729,0.0,0.0,0.0,1.0,0.0,0,0,0,36
ensemble,2020-06-30,2023-05-31,36,0,,,0.014403381475762969,0.0,0.0,0.0,1.0,0.0,0,0,0,36
ensemble,2020-07-31,2023-06-30,36,0,,,0.015682998331802145,0.0,0.0,0.0,1.0,0.0,0,0,0,36
ensemble,2020-08-31,2023-07-31,36,0,,,0.01667123501969157,0.0,0.0,0.0,1.0,0.0,0,0,0,36
ensemble,2020-09-30,2023-08-31,36,0,,,0.017611802813244624,0.0,0.0,0.0,1.0,0.0,0,0,0,36
ensemble,2020-10-31,2023-09-30,36,0,,,0.018256759071636257,0.0,0.0,0.0,1.0,0.0,0,0,0,36
ensemble,2020-11-30,2023-10-31,36,0,,,0.01919732686518931,0.0,0.0,0.0,1.0,0.0,0,0,0,36
ensemble,2020-12-31,2023-11-30,36,0,,,0.020137894658742366,0.0,0.0,0.0,1.0,0.0,0,0,0,36
ensemble,2021-01-31,2023-12-31,36,0,,,0.021078462452295423,0.0,0.0,0.0,1.0,0.0,0,0,0,36
ensemble,2021-02-28,2024-01-31,36,0,,,0.022515759614335256,0.0,0.0,0.0,1.0,0.0,0,0,0,36
ensemble,2021-03-31,2024-02-29,36,0,,,0.023456204174482305,0.0,0.0,0.0,1.0,0.0,0,0,0,36
ensemble,2021-04-30,2024-03-31,36,0,,,0.0244039348691168,0.0,0.0,0.0,1.0,0.0,0,0,0,36
ensemble,2021-05-31,2024-04-30,36,0,,,0.025344502662669858,0.0,0.0,0.0,1.0,0.0,0,0,0,36
ensemble,2021-06-30,2024-05-31,36,0,,,0.02707943792371313,0.0,0.0,0.0,1.0,0.0,0,0,0,36
ensemble,2021-07-31,2024-06-30,36,0,,,0.0320720439876196,0.0,0.0,0.0,0.9722222222222222,-0.02777777777777779,0,1,0,35
ensemble,2021-08-31,2024-07-31,36,0,,,0.03550348560722318,0.0,0.0,0.0,0.9722222222222222,-0.02777777777777779,0,1,0,35
ensemble,2021-09-30,2024-08-31,36,0,,,0.03876879172967188,0.0,0.0,0.0,0.9722222222222222,-0.02777777777777779,0,1,0,35
ensemble,2021-10-31,2024-09-30,36,0,,,0.04182619873895003,0.0,0.0,0.0,0.9722222222222222,-0.02777777777777779,0,1,0,35
ensemble,2021-11-30,2024-10-31,36,0,,,0.04472456509166126,0.0,0.0,0.0,0.9722222222222222,-0.02777777777777779,0,1,0,35
ensemble,2021-12-31,2024-11-30,36,0,,,0.04651562045578753,0.0,0.0,0.0,0.9722222222222222,-0.02777777777777779,0,1,0,35
ensemble,2022-01-31,2024-12-31,36,0,,,0.04666500317183664,0.0,0.0,0.0,0.9722222222222222,-0.02777777777777779,0,1,0,35
ensemble,2022-02-28,2025-01-31,36,0,,,0.0467094476162808,0.0,0.0,0.0,0.9722222222222222,-0.02777777777777779,0,1,0,35
ensemble,2022-03-31,2025-02-28,36,0,,,0.047126008673572556,0.0,0.0,0.0,0.9722222222222222,-0.02777777777777779,0,1,0,35
ensemble,2022-04-30,2025-03-31,36,0,,,0.04758974301435255,0.0,0.0,0.0,0.9722222222222222,-0.02777777777777779,0,1,0,35
ensemble,2022-05-31,2025-04-30,36,0,,,0.049196273271738096,0.0,0.0,0.0,0.9722222222222222,-0.02777777777777779,0,1,0,35
ensemble,2022-06-30,2025-05-31,36,0,,,0.05153688260215898,0.0,0.0,0.0,0.9722222222222222,-0.02777777777777779,0,1,0,35
ensemble,2022-07-31,2025-06-30,36,0,,,0.05339878727112136,0.0,0.0,0.0,0.9722222222222222,-0.02777777777777779,0,1,0,35
ensemble,2022-08-31,2025-07-31,36,0,,,0.05443968328212381,0.0,0.0,0.0,0.9722222222222222,-0.02777777777777779,0,1,0,35
ensemble,2022-09-30,2025-08-31,36,0,,,0.055657650036525536,0.0,0.0,0.0,0.9722222222222222,-0.02777777777777779,0,1,0,35
ensemble,2022-10-31,2025-09-30,36,0,,,0.057833539269207916,0.0,0.0,0.0,0.9722222222222222,-0.02777777777777779,0,1,0,35
ensemble,2022-11-30,2025-10-31,36,0,,,0.05966493796646773,0.0,0.0,0.0,0.9722222222222222,-0.02777777777777779,0,1,0,35
probit,2014-09-30,2017-08-31,36,0,,,0.0012507228275311028,0.0,0.0,0.0,1.0,0.0,0,0,0,36
probit,2014-10-31,2017-09-30,36,0,,,0.0012507228275311028,0.0,0.0,0.0,1.0,0.0,0,0,0,36
probit,2014-11-30,2017-10-31,36,0,,,0.0012507228275311028,0.0,0.0,0.0,1.0,0.0,0,0,0,36
probit,2014-12-31,2017-11-30,36,0,,,0.0012507228275311028,0.0,0.0,0.0,1.0,0.0,0,0,0,36
probit,2015-01-31,2017-12-31,36,0,,,0.0013544265312348065,0.0,0.0,0.0,1.0,0.0,0,0,0,36
probit,2015-02-28,2018-01-31,36,0,,,0.0013544265312348063,0.0,0.0,0.0,1.0,0.0,0,0,0,36
probit,2015-03-31,2018-02-28,36,0,,,0.0013544265312348063,0.0,0.0,0.0,1.0,0.0,0,0,0,36
probit,2015-04-30,2018-03-31,36,0,,,0.0013544265312348063,0.0,0.0,0.0,1.0,0.0,0,0,0,36
probit,2015-05-31,2018-04-30,36,0,,,0.001354426531234806,0.0,0.0,0.0,1.0,0.0,0,0,0,36
probit,2015-06-30,2018-05-31,36,0,,,0.001354426531234806,0.0,0.0,0.0,1.0,0.0,0,0,0,36
probit,2015-07-31,2018-06-30,36,0,,,0.001354426531234806,0.0,0.0,0.0,1.0,0.0,0,0,0,36
probit,2015-08-31,2018-07-31,36,0,,,0.001354426531234806,0.0,0.0,0.0,1.0,0.0,0,0,0,36
probit,2015-09-30,2018-08-31,36,0,,,0.0014581302349385102,0.0,0.0,0.0,1.0,0.0,0,0,0,36
probit,2015-10-31,2018-09-30,36,0,,,0.0015618339386422138,0.0,0.0,0.0,1.0,0.0,0,0,0,36
probit,2015-11-30,2018-10-31,36,0,,,0.001758505968189718,0.0,0.0,0.0,1.0,0.0,0,0,0,36
probit,2015-12-31,2018-11-30,36,0,,,0.002613294484516696,0.0,0.0,0.0,1.0,0.0,0,0,0,36
probit,2016-01-31,2018-12-31,36,0,,,0.005050988983749656,0.0,0.0,0.0,1.0,0.0,0,0,0,36
probit,2016-02-29,2019-01-31,36,0,,,0.007488683482982616,0.0,0.0,0.0,1.0,0.0,0,0,0,36
probit,2016-03-31,2019-02-28,36,0,,,0.007756882146150029,0.0,0.0,0.0,1.0,0.0,0,0,0,36
probit,2016-04-30,2019-03-31,36,0,,,0.00781120313380435,0.0,0.0,0.0,1.0,0.0,0,0,0,36
probit,2016-05-31,2019-04-30,36,0,,,0.008196251124822425,0.0,0.0,0.0,1.0,0.0,0,0,0,36
probit,2016-06-30,2019-05-31,36,0,,,0.009183905445810077,0.0,0.0,0.0,1.0,0.0,0,0,0,36
probit,2016-07-31,2019-06-30,36,0,,,0.010171559766797731,0.0,0.0,0.0,1.0,0.0,0,0,0,36
probit,2016-08-31,2019-07-31,36,0,,,0.011262917791489089,0.0,0.0,0.0,1.0,0.0,0,0,0,36
probit,2016-09-30,2019-08-31,36,0,,,0.012512489064631208,0.0,0.0,0.0,1.0,0.0,0,0,0,36
probit,2016-10-31,2019-09-30,36,1,0.8714285714285714,0.14285714285714285,0.03027051375598924,0.0,0.0,0.0,1.0,0.0,0,0,1,35
probit,2016-11-30,2019-10-31,36,2,0.8308823529411765,0.18253968253968253,0.05047792116339664,0.0,0.0,0.0,1.0,0.0,0,0,2,34
probit,2016-12-31,2019-11-30,36,3,0.8131313131313131,0.24761904761904763,0.07068532857080406,0.0,0.0,0.0,1.0,0.0,0,0,3,33
probit,2017-01-31,2019-12-31,36,4,0.80078125,0.3084415584415584,0.09089273597821146,0.0,0.0,0.0,1.0,0.0,0,0,4,32
probit,2017-02-28,2020-01-31,36,5,0.7838709677419355,0.3236763236763237,0.11239550167956544,0.0,0.0,0.0,1.0,0.0,0,0,5,31
probit,2017-03-31,2020-02-29,36,6,0.8138888888888889,0.48809523809523814,0.11555674085132416,1.0,0.16666666666666666,0.2857142857142857,1.0,0.16666666666666674,1,0,5,30
probit,2017-04-30,2020-03-31,36,7,0.8349753694581281,0.5978021978021978,0.11664809887601553,1.0,0.2857142857142857,0.4444444444444445,1.0,0.2857142857142856,2,0,5,29
probit,2017-05-31,2020-04-30,36,7,0.8029556650246306,0.45569727891156464,0.13440612356737353,0.6666666666666666,0.2857142857142857,0.4,0.9655172413793104,0.2512315270935961,2,1,5,28
probit,2017-06-30,2020-05-31,36,7,0.7807881773399015,0.4358798064680418,0.1354974815920649,0.6666666666666666,0.2857142857142857,0.4,0.9655172413793104,0.2512315270935961,2,1,5,28
probit,2017-07-31,2020-06-30,36,7,0.7807881773399015,0.4358798064680418,0.13547772850564543,0.6666666666666666,0.2857142857142857,0.4,0.9655172413793104,0.2512315270935961,2,1,5,28
probit,2017-08-31,2020-07-31,36,7,0.7807881773399015,0.4358798064680418,0.13535427171552222,0.6666666666666666,0.2857142857142857,0.4,0.9655172413793104,0.2512315270935961,2,1,5,28
probit,2017-09-30,2020-08-31,36,7,0.7807881773399015,0.4358798064680418,0.13533451862910273,0.6666666666666666,0.2857142857142857,0.4,0.9655172413793104,0.2512315270935961,2,1,5,28
probit,2017-10-31,2020-09-30,36,7,0.7807881773399015,0.4358798064680418,0.1353147655426833,0.6666666666666666,0.2857142857142857,0.4,0.9655172413793104,0.2512315270935961,2,1,5,28
probit,2017-11-30,2020-10-31,36,7,0.7807881773399015,0.4358798064680418,0.1352950124562638,0.6666666666666666,0.2857142857142857,0.4,0.9655172413793104,0.2512315270935961,2,1,5,28
probit,2017-12-31,2020-11-30,36,7,0.7807881773399015,0.4358798064680418,0.13527525936984433,0.6666666666666666,0.2857142857142857,0.4,0.9655172413793104,0.2512315270935961,2,1,5,28
probit,2018-01-31,2020-12-31,36,7,0.7807881773399015,0.4358798064680418,0.13515180257972115,0.6666666666666666,0.2857142857142857,0.4,0.9655172413793104,0.2512315270935961,2,1,5,28
probit,2018-02-28,2021-01-31,36,7,0.7807881773399015,0.4358798064680418,0.13513204949330165,0.6666666666666666,0.2857142857142857,0.4,0.9655172413793104,0.2512315270935961,2,1,5,28
probit,2018-03-31,2021-02-28,36,7,0.7807881773399015,0.43587980646804175,0.13511278934050705,0.6666666666666666,0.2857142857142857,0.4,0.9655172413793104,0.2512315270935961,2,1,5,28
probit,2018-04-30,2021-03-31,36,7,0.7807881773399015,0.43587980646804175,0.13509303625408756,0.6666666666666666,0.2857142857142857,0.4,0.9655172413793104,0.2512315270935961,2,1,5,28
probit,2018-05-31,2021-04-30,36,7,0.7807881773399015,0.43587980646804175,0.1350732831676681,0.6666666666666666,0.2857142857142857,0.4,0.9655172413793104,0.2512315270935961,2,1,5,28
probit,2018-06-30,2021-05-31,36,7,0.7807881773399015,0.43587980646804175,0.13505353008124862,0.6666666666666666,0.2857142857142857,0.4,0.9655172413793104,0.2512315270935961,2,1,5,28
probit,2018-07-31,2021-06-30,36,7,0.7807881773399015,0.43587980646804175,0.13503377699482913,0.6666666666666666,0.2857142857142857,0.4,0.9655172413793104,0.2512315270935961,2,1,5,28
probit,2018-08-31,2021-07-31,36,7,0.7807881773399015,0.4358798064680418,0.13501402390840966,0.6666666666666666,0.2857142857142857,0.4,0.9655172413793104,0.2512315270935961,2,1,5,28
probit,2018-09-30,2021-08-31,36,7,0.7807881773399015,0.4358798064680418,0.13489056711828648,0.6666666666666666,0.2857142857142857,0.4,0.9655172413793104,0.2512315270935961,2,1,5,28
probit,2018-10-31,2021-09-30,36,7,0.7807881773399015,0.4358798064680418,0.1347671103281633,0.6666666666666666,0.2857142857142857,0.4,0.9655172413793104,0.2512315270935961,2,1,5,28
probit,2018-11-30,2021-10-31,36,7,0.7807881773399015,0.4358798064680418,0.13455068521219632,0.6666666666666666,0.2857142857142857,0.4,0.9655172413793104,0.2512315270935961,2,1,5,28
probit,2018-12-31,2021-11-30,36,7,0.8004926108374385,0.4518011750154607,0.1336761436094499,0.6666666666666666,0.2857142857142857,0.4,0.9655172413793104,0.2512315270935961,2,1,5,28
probit,2019-01-31,2021-12-31,36,7,0.8251231527093597,0.473992673992674,0.13121869602379743,0.6666666666666666,0.2857142857142857,0.4,0.9655172413793104,0.2512315270935961,2,1,5,28
probit,2019-02-28,2022-01-31,36,7,0.8497536945812808,0.5,0.12876124843814502,0.6666666666666666,0.2857142857142857,0.4,0.9655172413793104,0.2512315270935961,2,1,5,28
probit,2019-03-31,2022-02-28,36,7,0.8497536945812808,0.5,0.12847329668855811,0.6666666666666666,0.2857142857142857,0.4,0.9655172413793104,0.2512315270935961,2,1,5,28
probit,2019-04-30,2022-03-31,36,7,0.8497536945812808,0.5,0.12829551891078064,0.6666666666666666,0.2857142857142857,0.4,0.9655172413793104,0.2512315270935961,2,1,5,28
probit,2019-05-31,2022-04-30,36,7,0.854679802955665,0.5054945054945055,0.12777179687193035,0.6666666666666666,0.2857142857142857,0.4,0.9655172413793104,0.2512315270935961,2,1,5,28
probit,2019-06-30,2022-05-31,36,7,0.8768472906403941,0.5373376623376623,0.126680438847239,0.6666666666666666,0.2857142857142857,0.4,0.9655172413793104,0.2512315270935961,2,1,5,28
probit,2019-07-31,2022-06-30,36,7,0.8990147783251232,0.5759431045145331,0.12558908082254763,0.6666666666666666,0.2857142857142857,0.4,0.9655172413793104,0.2512315270935961,2,1,5,28
probit,2019-08-31,2022-07-31,36,7,0.9211822660098522,0.6238095238095238,0.12460142650155998,0.6666666666666666,0.2857142857142857,0.4,0.9655172413793104,0.2512315270935961,2,1,5,28
probit,2019-09-30,2022-08-31,36,7,0.9458128078817734,0.6849206349206349,0.1235098799197759,0.6666666666666666,0.2857142857142857,0.4,0.9655172413793104,0.2512315270935961,2,1,5,28
probit,2019-10-31,2022-09-30,36,6,0.9472222222222222,0.6765873015873015,0.1059098799197759,0.6666666666666666,0.3333333333333333,0.4444444444444444,0.9666666666666667,0.30000000000000004,2,1,4,29
probit,2019-11-30,2022-10-31,36,5,0.9322580645161291,0.5869047619047618,0.08679383053705984,0.6666666666666666,0.4,0.5,0.967741935483871,0.3677419354838709,2,1,3,30
probit,2019-12-31,2022-11-30,36,4,0.92578125,0.5238095238095238,0.06767778115434381,0.6666666666666666,0.5,0.5714285714285715,0.96875,0.46875,2,1,2,31
probit,2020-01-31,2022-12-31,36,3,0.9343434343434344,0.5138888888888888,0.048929910601345036,0.6666666666666666,0.6666666666666666,0.6666666666666666,0.9696969696969697,0.6363636363636362,2,1,1,32
probit,2020-02-29,2023-01-31,36,2,0.9779411764705882,0.5833333333333333,0.029023925418461455,0.6666666666666666,1.0,0.8,0.9705882352941176,0.9705882352941178,2,1,0,33
probit,2020-03-31,2023-02-28,36,1,0.9857142857142858,0.5,0.026954044271394095,0.5,1.0,0.6666666666666666,0.9714285714285714,0.9714285714285715,1,1,0,34
probit,2020-04-30,2023-03-31,36,0,,,0.030812459097019334,0.0,0.0,0.0,0.9444444444444444,-0.05555555555555558,0,2,0,34
probit,2020-05-31,2023-04-30,36,0,,,0.016796952493454878,0.0,0.0,0.0,0.9722222222222222,-0.02777777777777779,0,1,0,35
probit,2020-06-30,2023-05-31,36,0,,,0.022485564532024604,0.0,0.0,0.0,0.9444444444444444,-0.05555555555555558,0,2,0,34
probit,2020-07-31,2023-06-30,36,0,,,0.026721938710555185,0.0,0.0,0.0,0.9444444444444444,-0.05555555555555558,0,2,0,34
probit,2020-08-31,2023-07-31,36,0,,,0.03067488546211372,0.0,0.0,0.0,0.9444444444444444,-0.05555555555555558,0,2,0,34
probit,2020-09-30,2023-08-31,36,0,,,0.03443715663632677,0.0,0.0,0.0,0.9444444444444444,-0.05555555555555558,0,2,0,34
probit,2020-10-31,2023-09-30,36,0,,,0.03701698166989413,0.0,0.0,0.0,0.9444444444444444,-0.05555555555555558,0,2,0,34
probit,2020-11-30,2023-10-31,36,0,,,0.04077925284410719,0.0,0.0,0.0,0.9444444444444444,-0.05555555555555558,0,2,0,34
probit,2020-12-31,2023-11-30,36,0,,,0.044541524018320226,0.0,0.0,0.0,0.9444444444444444,-0.05555555555555558,0,2,0,34
probit,2021-01-31,2023-12-31,36,0,,,0.04830379519253328,0.0,0.0,0.0,0.9444444444444444,-0.05555555555555558,0,2,0,34
probit,2021-02-28,2024-01-31,36,0,,,0.05405298384069346,0.0,0.0,0.0,0.9166666666666666,-0.08333333333333337,0,3,0,33
probit,2021-03-31,2024-02-29,36,0,,,0.05781476208128164,0.0,0.0,0.0,0.9166666666666666,-0.08333333333333337,0,3,0,33
probit,2021-04-30,2024-03-31,36,0,,,0.0615770332554947,0.0,0.0,0.0,0.9166666666666666,-0.08333333333333337,0,3,0,33
probit,2021-05-31,2024-04-30,36,0,,,0.06533930442970776,0.0,0.0,0.0,0.9166666666666666,-0.08333333333333337,0,3,0,33
probit,2021-06-30,2024-05-31,36,0,,,0.07010298115934198,0.0,0.0,0.0,0.8888888888888888,-0.11111111111111116,0,4,0,32
probit,2021-07-31,2024-06-30,36,0,,,0.07963245961739158,0.0,0.0,0.0,0.8611111111111112,-0.13888888888888884,0,5,0,31
probit,2021-08-31,2024-07-31,36,0,,,0.09021496440437149,0.0,0.0,0.0,0.8333333333333334,-0.16666666666666663,0,6,0,30
probit,2021-09-30,2024-08-31,36,0,,,0.10327618889416713,0.0,0.0,0.0,0.8055555555555556,-0.19444444444444442,0,7,0,29
probit,2021-10-31,2024-09-30,36,0,,,0.11550581693128054,0.0,0.0,0.0,0.7777777777777778,-0.2222222222222222,0,8,0,28
probit,2021-11-30,2024-10-31,36,0,,,0.1270992823421263,0.0,0.0,0.0,0.75,-0.25,0,9,0,27
probit,2021-12-31,2024-11-30,36,0,,,0.13426350379863225,0.0,0.0,0.0,0.7222222222222222,-0.2777777777777778,0,10,0,26
probit,2022-01-31,2024-12-31,36,0,,,0.1348610346628295,0.0,0.0,0.0,0.7222222222222222,-0.2777777777777778,0,10,0,26
probit,2022-02-28,2025-01-31,36,0,,,0.13503881244060698,0.0,0.0,0.0,0.7222222222222222,-0.2777777777777778,0,10,0,26
probit,2022-03-31,2025-02-28,36,0,,,0.13670505666977484,0.0,0.0,0.0,0.7222222222222222,-0.2777777777777778,0,10,0,26
probit,2022-04-30,2025-03-31,36,0,,,0.13855999403289562,0.0,0.0,0.0,0.7222222222222222,-0.2777777777777778,0,10,0,26
probit,2022-05-31,2025-04-30,36,0,,,0.1427991537168397,0.0,0.0,0.0,0.7222222222222222,-0.2777777777777778,0,10,0,26
probit,2022-06-30,2025-05-31,36,0,,,0.14856306703815952,0.0,0.0,0.0,0.6944444444444444,-0.3055555555555556,0,11,0,25
probit,2022-07-31,2025-06-30,36,0,,,0.15284702404670908,0.0,0.0,0.0,0.6944444444444444,-0.3055555555555556,0,11,0,25
probit,2022-08-31,2025-07-31,36,0,,,0.15701060809071887,0.0,0.0,0.0,0.6944444444444444,-0.3055555555555556,0,11,0,25
probit,2022-09-30,2025-08-31,36,0,,,0.16261649672068068,0.0,0.0,0.0,0.6666666666666666,-0.33333333333333337,0,12,0,24
probit,2022-10-31,2025-09-30,36,0,,,0.16857953573740903,0.0,0.0,0.0,0.6388888888888888,-0.36111111111111116,0,13,0,23
probit,2022-11-30,2025-10-31,36,0,,,0.1732520910340375,0.0,0.0,0.0,0.6111111111111112,-0.38888888888888884,0,14,0,22
random_forest,2014-09-30,2017-08-31,36,0,,,9.999999994736439e-15,0.0,0.0,0.0,1.0,0.0,0,0,0,36
random_forest,2014-10-31,2017-09-30,36,0,,,9.999999994736439e-15,0.0,0.0,0.0,1.0,0.0,0,0,0,36
random_forest,2014-11-30,2017-10-31,36,0,,,9.999999994736439e-15,0.0,0.0,0.0,1.0,0.0,0,0,0,36
random_forest,2014-12-31,2017-11-30,36,0,,,9.999999994736439e-15,0.0,0.0,0.0,1.0,0.0,0,0,0,36
random_forest,2015-01-31,2017-12-31,36,0,,,9.999999994736439e-15,0.0,0.0,0.0,1.0,0.0,0,0,0,36
random_forest,2015-02-28,2018-01-31,36,0,,,9.999999994736439e-15,0.0,0.0,0.0,1.0,0.0,0,0,0,36
random_forest,2015-03-31,2018-02-28,36,0,,,9.999999994736439e-15,0.0,0.0,0.0,1.0,0.0,0,0,0,36
random_forest,2015-04-30,2018-03-31,36,0,,,9.999999994736439e-15,0.0,0.0,0.0,1.0,0.0,0,0,0,36
random_forest,2015-05-31,2018-04-30,36,0,,,9.999999994736439e-15,0.0,0.0,0.0,1.0,0.0,0,0,0,36
random_forest,2015-06-30,2018-05-31,36,0,,,9.999999994736439e-15,0.0,0.0,0.0,1.0,0.0,0,0,0,36
random_forest,2015-07-31,2018-06-30,36,0,,,9.999999994736439e-15,0.0,0.0,0.0,1.0,0.0,0,0,0,36
random_forest,2015-08-31,2018-07-31,36,0,,,9.999999994736439e-15,0.0,0.0,0.0,1.0,0.0,0,0,0,36
random_forest,2015-09-30,2018-08-31,36,0,,,9.999999994736439e-15,0.0,0.0,0.0,1.0,0.0,0,0,0,36
random_forest,2015-10-31,2018-09-30,36,0,,,9.999999994736439e-15,0.0,0.0,0.0,1.0,0.0,0,0,0,36
random_forest,2015-11-30,2018-10-31,36,0,,,4.313091466599861e-05,0.0,0.0,0.0,1.0,0.0,0,0,0,36
random_forest,2015-12-31,2018-11-30,36,0,,,0.0003765262012679745,0.0,0.0,0.0,1.0,0.0,0,0,0,36
random_forest,2016-01-31,2018-12-31,36,0,,,0.004309829051442973,0.0,0.0,0.0,1.0,0.0,0,0,0,36
random_forest,2016-02-29,2019-01-31,36,0,,,0.009437096236323049,0.0,0.0,0.0,0.9722222222222222,-0.02777777777777779,0,1,0,35
random_forest,2016-03-31,2019-02-28,36,0,,,0.00943723697535905,0.0,0.0,0.0,0.9722222222222222,-0.02777777777777779,0,1,0,35
random_forest,2016-04-30,2019-03-31,36,0,,,0.00943723697535905,0.0,0.0,0.0,0.9722222222222222,-0.02777777777777779,0,1,0,35
random_forest,2016-05-31,2019-04-30,36,0,,,0.009437236975359052,0.0,0.0,0.0,0.9722222222222222,-0.02777777777777779,0,1,0,35
random_forest,2016-06-30,2019-05-31,36,0,,,0.00943723697535905,0.0,0.0,0.0,0.9722222222222222,-0.02777777777777779,0,1,0,35
random_forest,2016-07-31,2019-06-30,36,0,,,0.00943723697535905,0.0,0.0,0.0,0.9722222222222222,-0.02777777777777779,0,1,0,35
random_forest,2016-08-31,2019-07-31,36,0,,,0.00943723697535905,0.0,0.0,0.0,0.9722222222222222,-0.02777777777777779,0,1,0,35
random_forest,2016-09-30,2019-08-31,36,0,,,0.00943723697535905,0.0,0.0,0.0,0.9722222222222222,-0.02777777777777779,0,1,0,35
random_forest,2016-10-31,2019-09-30,36,1,0.4285714285714286,0.027777777777777776,0.03721500919758128,0.0,0.0,0.0,0.9714285714285714,-0.02857142857142858,0,1,1,34
random_forest,2016-11-30,2019-10-31,36,2,0.4264705882352941,0.05555555555555555,0.0649927814198035,0.0,0.0,0.0,0.9705882352941176,-0.02941176470588236,0,1,2,33
random_forest,2016-12-31,2019-11-30,36,3,0.42424242424242425,0.08333333333333333,0.09277055364202573,0.0,0.0,0.0,0.9696969696969697,-0.030303030303030276,0,1,3,32
random_forest,2017-01-31,2019-12-31,36,4,0.421875,0.1111111111111111,0.12054832586424796,0.0,0.0,0.0,0.96875,-0.03125,0,1,4,31
random_forest,2017-02-28,2020-01-31,36,5,0.41935483870967744,0.1388888888888889,0.14832609808647015,0.0,0.0,0.0,0.967741935483871,-0.032258064516129004,0,1,5,30
random_forest,2017-03-31,2020-02-29,36,6,0.4972222222222223,0.18055555555555555,0.1710116643111308,0.0,0.0,0.0,0.9666666666666667,-0.033333333333333326,0,1,6,29
random_forest,2017-04-30,2020-03-31,36,7,0.566502463054187,0.3388888888888889,0.17429778901364754,0.5,0.14285714285714285,0.22222222222222224,0.9655172413793104,0.10837438423645329,1,1,6,28
random_forest,2017-05-31,2020-04-30,36,7,0.5492610837438423,0.32936507936507936,0.18524788144247656,0.3333333333333333,0.14285714285714285,0.2,0.9310344827586207,0.07389162561576357,1,2,6,27
random_forest,2017-06-30,2020-05-31,36,7,0.5320197044334974,0.322562358276644,0.18671259718702743,0.3333333333333333,0.14285714285714285,0.2,0.9310344827586207,0.07389162561576357,1,2,6,27
random_forest,2017-07-31,2020-06-30,36,7,0.5147783251231526,0.31746031746031744,0.18817731293157827,0.3333333333333333,0.14285714285714285,0.2,0.9310344827586207,0.07389162561576357,1,2,6,27
random_forest,2017-08-31,2020-07-31,36,7,0.5147783251231526,0.31746031746031744,0.18817731293157827,0.3333333333333333,0.14285714285714285,0.2,0.9310344827586207,0.07389162561576357,1,2,6,27
random_forest,2017-09-30,2020-08-31,36,7,0.5147783251231526,0.31746031746031744,0.18817731293157827,0.3333333333333333,0.14285714285714285,0.2,0.9310344827586207,0.07389162561576357,1,2,6,27
random_forest,2017-10-31,2020-09-30,36,7,0.5147783251231526,0.31746031746031744,0.18817731293157827,0.3333333333333333,0.14285714285714285,0.2,0.9310344827586207,0.07389162561576357,1,2,6,27
random_forest,2017-11-30,2020-10-31,36,7,0.5147783251231526,0.31746031746031744,0.18817731293157824,0.3333333333333333,0.14285714285714285,0.2,0.9310344827586207,0.07389162561576357,1,2,6,27
random_forest,2017-12-31,2020-11-30,36,7,0.5147783251231526,0.31746031746031744,0.18817731293157824,0.3333333333333333,0.14285714285714285,0.2,0.9310344827586207,0.07389162561576357,1,2,6,27
random_forest,2018-01-31,2020-12-31,36,7,0.5147783251231526,0.31746031746031744,0.18817731293157824,0.3333333333333333,0.14285714285714285,0.2,0.9310344827586207,0.07389162561576357,1,2,6,27
random_forest,2018-02-28,2021-01-31,36,7,0.5147783251231526,0.31746031746031744,0.18817731293157824,0.3333333333333333,0.14285714285714285,0.2,0.9310344827586207,0.07389162561576357,1,2,6,27
random_forest,2018-03-31,2021-02-28,36,7,0.5147783251231526,0.31746031746031744,0.18817731293157824,0.3333333333333333,0.14285714285714285,0.2,0.9310344827586207,0.07389162561576357,1,2,6,27
random_forest,2018-04-30,2021-03-31,36,7,0.5147783251231526,0.31746031746031744,0.18817731293157824,0.3333333333333333,0.14285714285714285,0.2,0.9310344827586207,0.07389162561576357,1,2,6,27
random_forest,2018-05-31,2021-04-30,36,7,0.5147783251231526,0.31746031746031744,0.18817731293157824,0.3333333333333333,0.14285714285714285,0.2,0.9310344827586207,0.07389162561576357,1,2,6,27
random_forest,2018-06-30,2021-05-31,36,7,0.5147783251231526,0.31746031746031744,0.18817731293157822,0.3333333333333333,0.14285714285714285,0.2,0.9310344827586207,0.07389162561576357,1,2,6,27
random_forest,2018-07-31,2021-06-30,36,7,0.5147783251231526,0.31746031746031744,0.18817731293157824,0.3333333333333333,0.14285714285714285,0.2,0.9310344827586207,0.07389162561576357,1,2,6,27
random_forest,2018-08-31,2021-07-31,36,7,0.5147783251231526,0.31746031746031744,0.18817731293157824,0.3333333333333333,0.14285714285714285,0.2,0.9310344827586207,0.07389162561576357,1,2,6,27
random_forest,2018-09-30,2021-08-31,36,7,0.5147783251231526,0.31746031746031744,0.18817731293157824,0.3333333333333333,0.14285714285714285,0.2,0.9310344827586207,0.07389162561576357,1,2,6,27
random_forest,2018-10-31,2021-09-30,36,7,0.5147783251231526,0.31746031746031744,0.18817731293157822,0.3333333333333333,0.14285714285714285,0.2,0.9310344827586207,0.07389162561576357,1,2,6,27
random_forest,2018-11-30,2021-10-31,36,7,0.5270935960591132,0.31746031746031744,0.18813418201692225,0.3333333333333333,0.14285714285714285,0.2,0.9310344827586207,0.07389162561576357,1,2,6,27
random_forest,2018-12-31,2021-11-30,36,7,0.5443349753694581,0.322562358276644,0.18780078673032027,0.3333333333333333,0.14285714285714285,0.2,0.9310344827586207,0.07389162561576357,1,2,6,27
random_forest,2019-01-31,2021-12-31,36,7,0.5615763546798028,0.32936507936507936,0.18386748388014526,0.3333333333333333,0.14285714285714285,0.2,0.9310344827586207,0.07389162561576357,1,2,6,27
random_forest,2019-02-28,2022-01-31,36,7,0.5788177339901477,0.3388888888888889,0.17874021669526519,0.5,0.14285714285714285,0.22222222222222224,0.9655172413793104,0.10837438423645329,1,1,6,28
random_forest,2019-03-31,2022-02-28,36,7,0.5911330049261083,0.3388888888888889,0.1787400759562292,0.5,0.14285714285714285,0.22222222222222224,0.9655172413793104,0.10837438423645329,1,1,6,28
random_forest,2019-04-30,2022-03-31,36,7,0.5911330049261083,0.3388888888888889,0.1787400759562292,0.5,0.14285714285714285,0.22222222222222224,0.9655172413793104,0.10837438423645329,1,1,6,28
random_forest,2019-05-31,2022-04-30,36,7,0.5911330049261083,0.3388888888888889,0.1787400759562292,0.5,0.14285714285714285,0.22222222222222224,0.9655172413793104,0.10837438423645329,1,1,6,28
random_forest,2019-06-30,2022-05-31,36,7,0.5911330049261083,0.3388888888888889,0.1787400759562292,0.5,0.14285714285714285,0.22222222222222224,0.9655172413793104,0.10837438423645329,1,1,6,28
random_forest,2019-07-31,2022-06-30,36,7,0.5911330049261083,0.3388888888888889,0.1787400759562292,0.5,0.14285714285714285,0.22222222222222224,0.9655172413793104,0.10837438423645329,1,1,6,28
random_forest,2019-08-31,2022-07-31,36,7,0.5911330049261083,0.3388888888888889,0.1787400759562292,0.5,0.14285714285714285,0.22222222222222224,0.9655172413793104,0.10837438423645329,1,1,6,28
random_forest,2019-09-30,2022-08-31,36,7,0.5738916256157635,0.32936507936507936,0.1790244260273352,0.5,0.14285714285714285,0.22222222222222224,0.9655172413793104,0.10837438423645329,1,1,6,28
random_forest,2019-10-31,2022-09-30,36,6,0.5833333333333334,0.32539682539682535,0.15151417988297095,0.5,0.16666666666666666,0.25,0.9666666666666667,0.1333333333333333,1,1,5,29
random_forest,2019-11-30,2022-10-31,36,5,0.6032258064516128,0.33333333333333337,0.12496820719354737,0.5,0.2,0.28571428571428575,0.967741935483871,0.16774193548387095,1,1,4,30
random_forest,2019-12-31,2022-11-30,36,4,0.640625,0.3611111111111111,0.10443637382806073,0.3333333333333333,0.25,0.28571428571428575,0.9375,0.1875,1,2,3,30
random_forest,2020-01-31,2022-12-31,36,3,0.712121212121212,0.42777777777777776,0.0778904011386372,0.3333333333333333,0.3333333333333333,0.3333333333333333,0.9393939393939394,0.2727272727272727,1,2,2,31
random_forest,2020-02-29,2023-01-31,36,2,0.8676470588235294,0.5909090909090909,0.05062593650691356,0.3333333333333333,0.5,0.4,0.9411764705882353,0.4411764705882353,1,2,1,32
random_forest,2020-03-31,2023-02-28,36,1,1.0,1.0,0.028371403737444456,0.3333333333333333,1.0,0.5,0.9428571428571428,0.9428571428571428,1,2,0,33
random_forest,2020-04-30,2023-03-31,36,0,,,0.02534286172049364,0.0,0.0,0.0,0.9444444444444444,-0.05555555555555558,0,2,0,34
random_forest,2020-05-31,2023-04-30,36,0,,,0.014650351977230561,0.0,0.0,0.0,0.9722222222222222,-0.02777777777777779,0,1,0,35
random_forest,2020-06-30,2023-05-31,36,0,,,0.01344321891824565,0.0,0.0,0.0,0.9722222222222222,-0.02777777777777779,0,1,0,35
random_forest,2020-07-31,2023-06-30,36,0,,,0.01223608585926074,0.0,0.0,0.0,0.9722222222222222,-0.02777777777777779,0,1,0,35
random_forest,2020-08-31,2023-07-31,36,0,,,0.012236085859260741,0.0,0.0,0.0,0.9722222222222222,-0.02777777777777779,0,1,0,35
random_forest,2020-09-30,2023-08-31,36,0,,,0.012236085859260741,0.0,0.0,0.0,0.9722222222222222,-0.02777777777777779,0,1,0,35
random_forest,2020-10-31,2023-09-30,36,0,,,0.012236085859260741,0.0,0.0,0.0,0.9722222222222222,-0.02777777777777779,0,1,0,35
random_forest,2020-11-30,2023-10-31,36,0,,,0.012236085859260741,0.0,0.0,0.0,0.9722222222222222,-0.02777777777777779,0,1,0,35
random_forest,2020-12-31,2023-11-30,36,0,,,0.012236085859260741,0.0,0.0,0.0,0.9722222222222222,-0.02777777777777779,0,1,0,35
random_forest,2021-01-31,2023-12-31,36,0,,,0.012236085859260741,0.0,0.0,0.0,0.9722222222222222,-0.02777777777777779,0,1,0,35
random_forest,2021-02-28,2024-01-31,36,0,,,0.012236085859260741,0.0,0.0,0.0,0.9722222222222222,-0.02777777777777779,0,1,0,35
random_forest,2021-03-31,2024-02-29,36,0,,,0.012236085859260741,0.0,0.0,0.0,0.9722222222222222,-0.02777777777777779,0,1,0,35
random_forest,2021-04-30,2024-03-31,36,0,,,0.012236140201661088,0.0,0.0,0.0,0.9722222222222222,-0.02777777777777779,0,1,0,35
random_forest,2021-05-31,2024-04-30,36,0,,,0.012236140201661088,0.0,0.0,0.0,0.9722222222222222,-0.02777777777777779,0,1,0,35
random_forest,2021-06-30,2024-05-31,36,0,,,0.012440221834313871,0.0,0.0,0.0,0.9722222222222222,-0.02777777777777779,0,1,0,35
random_forest,2021-07-31,2024-06-30,36,0,,,0.014349711159125533,0.0,0.0,0.0,0.9722222222222222,-0.02777777777777779,0,1,0,35
random_forest,2021-08-31,2024-07-31,36,0,,,0.014553792791778312,0.0,0.0,0.0,0.9722222222222222,-0.02777777777777779,0,1,0,35
random_forest,2021-09-30,2024-08-31,36,0,,,0.014553792791778316,0.0,0.0,0.0,0.9722222222222222,-0.02777777777777779,0,1,0,35
random_forest,2021-10-31,2024-09-30,36,0,,,0.014553792791778316,0.0,0.0,0.0,0.9722222222222222,-0.02777777777777779,0,1,0,35
random_forest,2021-11-30,2024-10-31,36,0,,,0.014553792791778316,0.0,0.0,0.0,0.9722222222222222,-0.02777777777777779,0,1,0,35
random_forest,2021-12-31,2024-11-30,36,0,,,0.014553792791778312,0.0,0.0,0.0,0.9722222222222222,-0.02777777777777779,0,1,0,35
random_forest,2022-01-31,2024-12-31,36,0,,,0.014553792791778312,0.0,0.0,0.0,0.9722222222222222,-0.02777777777777779,0,1,0,35
random_forest,2022-02-28,2025-01-31,36,0,,,0.014553792791778312,0.0,0.0,0.0,0.9722222222222222,-0.02777777777777779,0,1,0,35
random_forest,2022-03-31,2025-02-28,36,0,,,0.014553792791778316,0.0,0.0,0.0,0.9722222222222222,-0.02777777777777779,0,1,0,35
random_forest,2022-04-30,2025-03-31,36,0,,,0.014553792791778312,0.0,0.0,0.0,0.9722222222222222,-0.02777777777777779,0,1,0,35
random_forest,2022-05-31,2025-04-30,36,0,,,0.014780168703724993,0.0,0.0,0.0,0.9722222222222222,-0.02777777777777779,0,1,0,35
random_forest,2022-06-30,2025-05-31,36,0,,,0.015213278390214767,0.0,0.0,0.0,0.9722222222222222,-0.02777777777777779,0,1,0,35
random_forest,2022-07-31,2025-06-30,36,0,,,0.015646388076704546,0.0,0.0,0.0,0.9722222222222222,-0.02777777777777779,0,1,0,35
random_forest,2022-08-31,2025-07-31,36,0,,,0.015646388076704546,0.0,0.0,0.0,0.9722222222222222,-0.02777777777777779,0,1,0,35
random_forest,2022-09-30,2025-08-31,36,0,,,0.015362038005598556,0.0,0.0,0.0,0.9722222222222222,-0.02777777777777779,0,1,0,35
random_forest,2022-10-31,2025-09-30,36,0,,,0.015476315168667336,0.0,0.0,0.0,0.9722222222222222,-0.02777777777777779,0,1,0,35
random_forest,2022-11-30,2025-10-31,36,0,,,0.015368910274505685,0.0,0.0,0.0,0.9722222222222222,-0.02777777777777779,0,1,0,35
xgboost,2014-09-30,2017-08-31,36,0,,,0.0004909175853194401,0.0,0.0,0.0,1.0,0.0,0,0,0,36
xgboost,2014-10-31,2017-09-30,36,0,,,0.0004909175853194401,0.0,0.0,0.0,1.0,0.0,0,0,0,36
xgboost,2014-11-30,2017-10-31,36,0,,,0.00049091758531944,0.0,0.0,0.0,1.0,0.0,0,0,0,36
xgboost,2014-12-31,2017-11-30,36,0,,,0.00049091758531944,0.0,0.0,0.0,1.0,0.0,0,0,0,36
xgboost,2015-01-31,2017-12-31,36,0,,,0.0005870344714635782,0.0,0.0,0.0,1.0,0.0,0,0,0,36
xgboost,2015-02-28,2018-01-31,36,0,,,0.0006831513576077164,0.0,0.0,0.0,1.0,0.0,0,0,0,36
xgboost,2015-03-31,2018-02-28,36,0,,,0.0007792682437518547,0.0,0.0,0.0,1.0,0.0,0,0,0,36
xgboost,2015-04-30,2018-03-31,36,0,,,0.0008753851298959931,0.0,0.0,0.0,1.0,0.0,0,0,0,36
xgboost,2015-05-31,2018-04-30,36,0,,,0.0008753851298959931,0.0,0.0,0.0,1.0,0.0,0,0,0,36
xgboost,2015-06-30,2018-05-31,36,0,,,0.0009715020160401311,0.0,0.0,0.0,1.0,0.0,0,0,0,36
xgboost,2015-07-31,2018-06-30,36,0,,,0.0010676189021842693,0.0,0.0,0.0,1.0,0.0,0,0,0,36
xgboost,2015-08-31,2018-07-31,36,0,,,0.0011637357883284077,0.0,0.0,0.0,1.0,0.0,0,0,0,36
xgboost,2015-09-30,2018-08-31,36,0,,,0.001259852674472546,0.0,0.0,0.0,1.0,0.0,0,0,0,36
xgboost,2015-10-31,2018-09-30,36,0,,,0.0013559695606166842,0.0,0.0,0.0,1.0,0.0,0,0,0,36
xgboost,2015-11-30,2018-10-31,36,0,,,0.0014880578164763114,0.0,0.0,0.0,1.0,0.0,0,0,0,36
xgboost,2015-12-31,2018-11-30,36,0,,,0.0016380496271177522,0.0,0.0,0.0,1.0,0.0,0,0,0,36
xgboost,2016-01-31,2018-12-31,36,0,,,0.0034806524310189136,0.0,0.0,0.0,1.0,0.0,0,0,0,36
xgboost,2016-02-29,2019-01-31,36,0,,,0.007031884664260437,0.0,0.0,0.0,1.0,0.0,0,0,0,36
xgboost,2016-03-31,2019-02-28,36,0,,,0.007128001550404576,0.0,0.0,0.0,1.0,0.0,0,0,0,36
xgboost,2016-04-30,2019-03-31,36,0,,,0.0072241184365487154,0.0,0.0,0.0,1.0,0.0,0,0,0,36
xgboost,2016-05-31,2019-04-30,36,0,,,0.0072241184365487154,0.0,0.0,0.0,1.0,0.0,0,0,0,36
xgboost,2016-06-30,2019-05-31,36,0,,,0.0072241184365487154,0.0,0.0,0.0,1.0,0.0,0,0,0,36
xgboost,2016-07-31,2019-06-30,36,0,,,0.0071280015504045745,0.0,0.0,0.0,1.0,0.0,0,0,0,36
xgboost,2016-08-31,2019-07-31,36,0,,,0.007031884664260437,0.0,0.0,0.0,1.0,0.0,0,0,0,36
xgboost,2016-09-30,2019-08-31,36,0,,,0.006935767778116299,0.0,0.0,0.0,1.0,0.0,0,0,0,36
xgboost,2016-10-31,2019-09-30,36,1,0.7,0.05555555555555555,0.03154168844947857,0.0,0.0,0.0,1.0,0.0,0,0,1,35
xgboost,2016-11-30,2019-10-31,36,2,0.6911764705882353,0.10526315789473684,0.05614760912084085,0.0,0.0,0.0,1.0,0.0,0,0,2,34
xgboost,2016-12-31,2019-11-30,36,3,0.5303030303030303,0.097953216374269,0.08392538134306307,0.0,0.0,0.0,1.0,0.0,0,0,3,33
xgboost,2017-01-31,2019-12-31,36,4,0.4453125,0.10818713450292397,0.11170315356528529,0.0,0.0,0.0,1.0,0.0,0,0,4,32
xgboost,2017-02-28,2020-01-31,36,5,0.3903225806451613,0.12543859649122807,0.1394809257875075,0.0,0.0,0.0,1.0,0.0,0,0,5,31
xgboost,2017-03-31,2020-02-29,36,6,0.4722222222222222,0.18888888888888888,0.1597006504150387,0.0,0.0,0.0,1.0,0.0,0,0,6,30
xgboost,2017-04-30,2020-03-31,36,7,0.5394088669950738,0.3520408163265306,0.16540534240677518,1.0,0.14285714285714285,0.25,1.0,0.1428571428571428,1,0,6,29
xgboost,2017-05-31,2020-04-30,36,7,0.5147783251231527,0.26385281385281384,0.17371134169791363,0.5,0.14285714285714285,0.22222222222222224,0.9655172413793104,0.10837438423645329,1,1,6,28
xgboost,2017-06-30,2020-05-31,36,7,0.5098522167487685,0.26385281385281384,0.17383033592054914,0.5,0.14285714285714285,0.22222222222222224,0.9655172413793104,0.10837438423645329,1,1,6,28
xgboost,2017-07-31,2020-06-30,36,7,0.5,0.26159420289855073,0.1739309305539537,0.5,0.14285714285714285,0.22222222222222224,0.9655172413793104,0.10837438423645329,1,1,6,28
xgboost,2017-08-31,2020-07-31,36,7,0.5123152709359605,0.26385281385281384,0.17383481366780953,0.5,0.14285714285714285,0.22222222222222224,0.9655172413793104,0.10837438423645329,1,1,6,28
xgboost,2017-09-30,2020-08-31,36,7,0.5123152709359605,0.26385281385281384,0.17383481366780953,0.5,0.14285714285714285,0.22222222222222224,0.9655172413793104,0.10837438423645329,1,1,6,28
xgboost,2017-10-31,2020-09-30,36,7,0.5123152709359605,0.26385281385281384,0.1738348136678095,0.5,0.14285714285714285,0.22222222222222224,0.9655172413793104,0.10837438423645329,1,1,6,28
xgboost,2017-11-30,2020-10-31,36,7,0.5123152709359605,0.26385281385281384,0.1738348136678095,0.5,0.14285714285714285,0.22222222222222224,0.9655172413793104,0.10837438423645329,1,1,6,28
xgboost,2017-12-31,2020-11-30,36,7,0.5123152709359605,0.26385281385281384,0.1738348136678095,0.5,0.14285714285714285,0.22222222222222224,0.9655172413793104,0.10837438423645329,1,1,6,28
xgboost,2018-01-31,2020-12-31,36,7,0.5246305418719212,0.26632653061224487,0.17373869678166537,0.5,0.14285714285714285,0.22222222222222224,0.9655172413793104,0.10837438423645329,1,1,6,28
xgboost,2018-02-28,2021-01-31,36,7,0.5369458128078818,0.26904761904761904,0.17364257989552126,0.5,0.14285714285714285,0.22222222222222224,0.9655172413793104,0.10837438423645329,1,1,6,28
xgboost,2018-03-31,2021-02-28,36,7,0.5492610837438423,0.27205513784461155,0.1735464630093771,0.5,0.14285714285714285,0.22222222222222224,0.9655172413793104,0.10837438423645329,1,1,6,28
xgboost,2018-04-30,2021-03-31,36,7,0.5615763546798029,0.2753968253968254,0.17345034612323296,0.5,0.14285714285714285,0.22222222222222224,0.9655172413793104,0.10837438423645329,1,1,6,28
xgboost,2018-05-31,2021-04-30,36,7,0.5615763546798029,0.2753968253968254,0.17345034612323296,0.5,0.14285714285714285,0.22222222222222224,0.9655172413793104,0.10837438423645329,1,1,6,28
xgboost,2018-06-30,2021-05-31,36,7,0.5738916256157636,0.27913165266106443,0.17335422923708882,0.5,0.14285714285714285,0.22222222222222224,0.9655172413793104,0.10837438423645329,1,1,6,28
xgboost,2018-07-31,2021-06-30,36,7,0.5862068965517242,0.2833333333333333,0.17325811235094468,0.5,0.14285714285714285,0.22222222222222224,0.9655172413793104,0.10837438423645329,1,1,6,28
xgboost,2018-08-31,2021-07-31,36,7,0.5985221674876847,0.28809523809523807,0.17316199546480057,0.5,0.14285714285714285,0.22222222222222224,0.9655172413793104,0.10837438423645329,1,1,6,28
xgboost,2018-09-30,2021-08-31,36,7,0.6108374384236452,0.2935374149659864,0.1730658785786564,0.5,0.14285714285714285,0.22222222222222224,0.9655172413793104,0.10837438423645329,1,1,6,28
xgboost,2018-10-31,2021-09-30,36,7,0.6231527093596059,0.2998168498168498,0.17296976169251227,0.5,0.14285714285714285,0.22222222222222224,0.9655172413793104,0.10837438423645329,1,1,6,28
xgboost,2018-11-30,2021-10-31,36,7,0.6403940886699507,0.30714285714285716,0.17283767343665266,0.5,0.14285714285714285,0.22222222222222224,0.9655172413793104,0.10837438423645329,1,1,6,28
xgboost,2018-12-31,2021-11-30,36,7,0.6576354679802955,0.3158008658008658,0.1726876816260112,0.5,0.14285714285714285,0.22222222222222224,0.9655172413793104,0.10837438423645329,1,1,6,28
xgboost,2019-01-31,2021-12-31,36,7,0.6798029556650246,0.3404761904761905,0.17084507882211003,0.5,0.14285714285714285,0.22222222222222224,0.9655172413793104,0.10837438423645329,1,1,6,28
xgboost,2019-02-28,2022-01-31,36,7,0.7019704433497537,0.376984126984127,0.1672938465888685,0.5,0.14285714285714285,0.22222222222222224,0.9655172413793104,0.10837438423645329,1,1,6,28
xgboost,2019-03-31,2022-02-28,36,7,0.7142857142857142,0.3928571428571428,0.1671977297027244,0.5,0.14285714285714285,0.22222222222222224,0.9655172413793104,0.10837438423645329,1,1,6,28
xgboost,2019-04-30,2022-03-31,36,7,0.7266009852216749,0.41326530612244894,0.16710161281658023,0.5,0.14285714285714285,0.22222222222222224,0.9655172413793104,0.10837438423645329,1,1,6,28
xgboost,2019-05-31,2022-04-30,36,7,0.7266009852216749,0.41326530612244894,0.16710161281658023,0.5,0.14285714285714285,0.22222222222222224,0.9655172413793104,0.10837438423645329,1,1,6,28
xgboost,2019-06-30,2022-05-31,36,7,0.7142857142857142,0.3928571428571428,0.1671977297027244,0.5,0.14285714285714285,0.22222222222222224,0.9655172413793104,0.10837438423645329,1,1,6,28
xgboost,2019-07-31,2022-06-30,36,7,0.6970443349753694,0.376984126984127,0.16752668973294094,0.5,0.14285714285714285,0.22222222222222224,0.9655172413793104,0.10837438423645329,1,1,6,28
xgboost,2019-08-31,2022-07-31,36,7,0.6798029556650246,0.3642857142857143,0.1678556497631575,0.5,0.14285714285714285,0.22222222222222224,0.9655172413793104,0.10837438423645329,1,1,6,28
xgboost,2019-09-30,2022-08-31,36,7,0.6600985221674877,0.3300865800865801,0.16845445946786852,0.5,0.14285714285714285,0.22222222222222224,0.9655172413793104,0.10837438423645329,1,1,6,28
xgboost,2019-10-31,2022-09-30,36,6,0.6277777777777778,0.27878787878787875,0.14444734850121727,0.5,0.16666666666666666,0.25,0.9666666666666667,0.1333333333333333,1,1,5,29
xgboost,2019-11-30,2022-10-31,36,5,0.5903225806451613,0.25,0.12145876270623542,0.5,0.2,0.28571428571428575,0.967741935483871,0.16774193548387095,1,1,4,30
xgboost,2019-12-31,2022-11-30,36,4,0.640625,0.251984126984127,0.09427980018872419,0.5,0.25,0.3333333333333333,0.96875,0.21875,1,1,3,31
xgboost,2020-01-31,2022-12-31,36,3,0.7323232323232323,0.2777777777777778,0.06710083767121296,0.5,0.3333333333333333,0.4,0.9696969696969697,0.303030303030303,1,1,2,32
xgboost,2020-02-29,2023-01-31,36,2,0.926470588235294,0.3611111111111111,0.03992187515370175,0.5,0.5,0.5,0.9705882352941176,0.47058823529411775,1,1,1,33
xgboost,2020-03-31,2023-02-28,36,1,0.9857142857142858,0.5,0.020300960230881553,0.5,1.0,0.6666666666666666,0.9714285714285714,0.9714285714285715,1,1,0,34
xgboost,2020-04-30,2023-03-31,36,0,,,0.015195077943856102,0.0,0.0,0.0,0.9722222222222222,-0.02777777777777779,0,1,0,35
xgboost,2020-05-31,2023-04-30,36,0,,,0.007487888357428628,0.0,0.0,0.0,1.0,0.0,0,0,0,36
xgboost,2020-06-30,2023-05-31,36,0,,,0.007346012109046951,0.0,0.0,0.0,1.0,0.0,0,0,0,36
xgboost,2020-07-31,2023-06-30,36,0,,,0.00745019542983329,0.0,0.0,0.0,1.0,0.0,0,0,0,36
xgboost,2020-08-31,2023-07-31,36,0,,,0.007665306538612919,0.0,0.0,0.0,1.0,0.0,0,0,0,36
xgboost,2020-09-30,2023-08-31,36,0,,,0.007665306538612918,0.0,0.0,0.0,1.0,0.0,0,0,0,36
xgboost,2020-10-31,2023-09-30,36,0,,,0.007665306538612918,0.0,0.0,0.0,1.0,0.0,0,0,0,36
xgboost,2020-11-30,2023-10-31,36,0,,,0.007761423424757057,0.0,0.0,0.0,1.0,0.0,0,0,0,36
xgboost,2020-12-31,2023-11-30,36,0,,,0.007857540310901197,0.0,0.0,0.0,1.0,0.0,0,0,0,36
xgboost,2021-01-31,2023-12-31,36,0,,,0.007857540310901197,0.0,0.0,0.0,1.0,0.0,0,0,0,36
xgboost,2021-02-28,2024-01-31,36,0,,,0.007857540310901197,0.0,0.0,0.0,1.0,0.0,0,0,0,36
xgboost,2021-03-31,2024-02-29,36,0,,,0.007953657197045334,0.0,0.0,0.0,1.0,0.0,0,0,0,36
xgboost,2021-04-30,2024-03-31,36,0,,,0.008428169063470744,0.0,0.0,0.0,1.0,0.0,0,0,0,36
xgboost,2021-05-31,2024-04-30,36,0,,,0.009026978768181747,0.0,0.0,0.0,1.0,0.0,0,0,0,36
xgboost,2021-06-30,2024-05-31,36,0,,,0.009355938798398312,0.0,0.0,0.0,1.0,0.0,0,0,0,36
xgboost,2021-07-31,2024-06-30,36,0,,,0.009954748503109316,0.0,0.0,0.0,1.0,0.0,0,0,0,36
xgboost,2021-08-31,2024-07-31,36,0,,,0.010553558207820318,0.0,0.0,0.0,1.0,0.0,0,0,0,36
xgboost,2021-09-30,2024-08-31,36,0,,,0.01115236791253132,0.0,0.0,0.0,1.0,0.0,0,0,0,36
xgboost,2021-10-31,2024-09-30,36,0,,,0.011248484798675459,0.0,0.0,0.0,1.0,0.0,0,0,0,36
xgboost,2021-11-30,2024-10-31,36,0,,,0.011344601684819598,0.0,0.0,0.0,1.0,0.0,0,0,0,36
xgboost,2021-12-31,2024-11-30,36,0,,,0.011440718570963735,0.0,0.0,0.0,1.0,0.0,0,0,0,36
xgboost,2022-01-31,2024-12-31,36,0,,,0.011536835457107875,0.0,0.0,0.0,1.0,0.0,0,0,0,36
xgboost,2022-02-28,2025-01-31,36,0,,,0.011632952343252012,0.0,0.0,0.0,1.0,0.0,0,0,0,36
xgboost,2022-03-31,2025-02-28,36,0,,,0.01172906922939615,0.0,0.0,0.0,1.0,0.0,0,0,0,36
xgboost,2022-04-30,2025-03-31,36,0,,,0.011825186115540289,0.0,0.0,0.0,1.0,0.0,0,0,0,36
xgboost,2022-05-31,2025-04-30,36,0,,,0.012423995820251292,0.0,0.0,0.0,1.0,0.0,0,0,0,36
xgboost,2022-06-30,2025-05-31,36,0,,,0.012926688638818157,0.0,0.0,0.0,1.0,0.0,0,0,0,36
xgboost,2022-07-31,2025-06-30,36,0,,,0.013196538313312594,0.0,0.0,0.0,1.0,0.0,0,0,0,36
xgboost,2022-08-31,2025-07-31,36,0,,,0.013466387987807032,0.0,0.0,0.0,1.0,0.0,0,0,0,36
xgboost,2022-09-30,2025-08-31,36,0,,,0.012963695169240168,0.0,0.0,0.0,1.0,0.0,0,0,0,36
xgboost,2022-10-31,2025-09-30,36,0,,,0.014057159232513704,0.0,0.0,0.0,1.0,0.0,0,0,0,36
xgboost,2022-11-30,2025-10-31,36,0,,,0.014132098124117825,0.0,0.0,0.0,1.0,0.0,0,0,0,36
markov_switching,2014-09-30,2017-08-31,36,0,,,0.010185037522634322,0.0,0.0,0.0,1.0,0.0,0,0,0,36
markov_switching,2014-10-31,2017-09-30,36,0,,,0.010185037522634322,0.0,0.0,0.0,1.0,0.0,0,0,0,36
markov_switching,2014-11-30,2017-10-31,36,0,,,0.010185037522634322,0.0,0.0,0.0,1.0,0.0,0,0,0,36
markov_switching,2014-12-31,2017-11-30,36,0,,,0.010185037522634322,0.0,0.0,0.0,1.0,0.0,0,0,0,36
markov_switching,2015-01-31,2017-12-31,36,0,,,0.010185037522634324,0.0,0.0,0.0,1.0,0.0,0,0,0,36
markov_switching,2015-02-28,2018-01-31,36,0,,,0.010185037522634324,0.0,0.0,0.0,1.0,0.0,0,0,0,36
markov_switching,2015-03-31,2018-02-28,36,0,,,0.010185037522634324,0.0,0.0,0.0,1.0,0.0,0,0,0,36
markov_switching,2015-04-30,2018-03-31,36,0,,,0.010185037522634324,0.0,0.0,0.0,1.0,0.0,0,0,0,36
markov_switching,2015-05-31,2018-04-30,36,0,,,0.010185037522634324,0.0,0.0,0.0,1.0,0.0,0,0,0,36
markov_switching,2015-06-30,2018-05-31,36,0,,,0.010185037522634326,0.0,0.0,0.0,1.0,0.0,0,0,0,36
markov_switching,2015-07-31,2018-06-30,36,0,,,0.010185037522634324,0.0,0.0,0.0,1.0,0.0,0,0,0,36
markov_switching,2015-08-31,2018-07-31,36,0,,,0.010185037522634326,0.0,0.0,0.0,1.0,0.0,0,0,0,36
markov_switching,2015-09-30,2018-08-31,36,0,,,0.010185037522634324,0.0,0.0,0.0,1.0,0.0,0,0,0,36
markov_switching,2015-10-31,2018-09-30,36,0,,,0.010185037522634326,0.0,0.0,0.0,1.0,0.0,0,0,0,36
markov_switching,2015-11-30,2018-10-31,36,0,,,0.010185037522634324,0.0,0.0,0.0,1.0,0.0,0,0,0,36
markov_switching,2015-12-31,2018-11-30,36,0,,,0.011250225057343197,0.0,0.0,0.0,1.0,0.0,0,0,0,36
markov_switching,2016-01-31,2018-12-31,36,0,,,0.012453079995614801,0.0,0.0,0.0,1.0,0.0,0,0,0,36
markov_switching,2016-02-29,2019-01-31,36,0,,,0.013406760078759173,0.0,0.0,0.0,1.0,0.0,0,0,0,36
markov_switching,2016-03-31,2019-02-28,36,0,,,0.013406760078759173,0.0,0.0,0.0,1.0,0.0,0,0,0,36
markov_switching,2016-04-30,2019-03-31,36,0,,,0.013544427482321906,0.0,0.0,0.0,1.0,0.0,0,0,0,36
markov_switching,2016-05-31,2019-04-30,36,0,,,0.013590557097523357,0.0,0.0,0.0,1.0,0.0,0,0,0,36
markov_switching,2016-06-30,2019-05-31,36,0,,,0.013728224501086088,0.0,0.0,0.0,1.0,0.0,0,0,0,36
markov_switching,2016-07-31,2019-06-30,36,0,,,0.013865891904648821,0.0,0.0,0.0,1.0,0.0,0,0,0,36
markov_switching,2016-08-31,2019-07-31,36,0,,,0.014003559308211554,0.0,0.0,0.0,1.0,0.0,0,0,0,36
markov_switching,2016-09-30,2019-08-31,36,0,,,0.014141226711774285,0.0,0.0,0.0,1.0,0.0,0,0,0,36
markov_switching,2016-10-31,2019-09-30,36,1,0.9,0.125,0.030482597819040724,0.0,0.0,0.0,1.0,0.0,0,0,1,35
markov_switching,2016-11-30,2019-10-31,36,2,0.8970588235294118,0.2222222222222222,0.04682396892630716,0.0,0.0,0.0,1.0,0.0,0,0,2,34
markov_switching,2016-12-31,2019-11-30,36,3,0.8383838383838385,0.22507122507122507,0.06477368805142997,0.0,0.0,0.0,1.0,0.0,0,0,3,33
markov_switching,2017-01-31,2019-12-31,36,4,0.8046875,0.25396825396825395,0.0827234071765528,0.0,0.0,0.0,1.0,0.0,0,0,4,32
markov_switching,2017-02-28,2020-01-31,36,5,0.8161290322580645,0.31333333333333335,0.10012996581852811,0.0,0.0,0.0,1.0,0.0,0,0,5,31
markov_switching,2017-03-31,2020-02-29,36,6,0.8222222222222222,0.36742424242424243,0.1175365244605034,0.0,0.0,0.0,1.0,0.0,0,0,6,30
markov_switching,2017-04-30,2020-03-31,36,7,0.8423645320197044,0.4985994397759103,0.12620829493339844,1.0,0.14285714285714285,0.25,1.0,0.1428571428571428,1,0,6,29
markov_switching,2017-05-31,2020-04-30,36,7,0.8078817733990149,0.40231990231990233,0.1393879588565809,0.5,0.14285714285714285,0.22222222222222224,0.9655172413793104,0.10837438423645329,1,1,6,28
markov_switching,2017-06-30,2020-05-31,36,7,0.7733990147783252,0.3569638381668457,0.15256762277976332,0.3333333333333333,0.14285714285714285,0.2,0.9310344827586207,0.07389162561576357,1,2,6,27
markov_switching,2017-07-31,2020-06-30,36,7,0.7389162561576355,0.32619047619047614,0.1657472867029458,0.25,0.14285714285714285,0.18181818181818182,0.896551724137931,0.039408866995073843,1,3,6,26
markov_switching,2017-08-31,2020-07-31,36,7,0.7044334975369458,0.30238095238095236,0.17892695062612826,0.2,0.14285714285714285,0.16666666666666666,0.8620689655172413,0.004926108374384119,1,4,6,25
markov_switching,2017-09-30,2020-08-31,36,7,0.6699507389162562,0.28278584160937104,0.19185743969418345,0.16666666666666666,0.14285714285714285,0.15384615384615383,0.8275862068965517,-0.029556650246305383,1,5,6,24
markov_switching,2017-10-31,2020-09-30,36,7,0.6354679802955665,0.2660948437345953,0.2050371036173659,0.14285714285714285,0.14285714285714285,0.14285714285714285,0.7931034482758621,-0.0640394088669951,1,6,6,23
markov_switching,2017-11-30,2020-10-31,36,7,0.6009852216748768,0.2515664160401002,0.2182167675405483,0.125,0.14285714285714285,0.13333333333333333,0.7586206896551724,-0.09852216748768483,1,7,6,22
markov_switching,2017-12-31,2020-11-30,36,7,0.6009852216748768,0.2515664160401002,0.2182167675405483,0.125,0.14285714285714285,0.13333333333333333,0.7586206896551724,-0.09852216748768483,1,7,6,22
markov_switching,2018-01-31,2020-12-31,36,7,0.5689655172413793,0.23873015873015874,0.2236205641572342,0.1111111111111111,0.14285714285714285,0.125,0.7241379310344828,-0.13300492610837433,1,8,6,21
markov_switching,2018-02-28,2021-01-31,36,7,0.5689655172413793,0.23873015873015874,0.22362056415723414,0.1111111111111111,0.14285714285714285,0.125,0.7241379310344828,-0.13300492610837433,1,8,6,21
markov_switching,2018-03-31,2021-02-28,36,7,0.5369458128078818,0.22726321297749869,0.22902436077392002,0.1,0.14285714285714285,0.11764705882352941,0.6896551724137931,-0.16748768472906406,1,9,6,20
markov_switching,2018-04-30,2021-03-31,36,7,0.5369458128078818,0.22726321297749869,0.22902436077392002,0.1,0.14285714285714285,0.11764705882352941,0.6896551724137931,-0.16748768472906406,1,9,6,20
markov_switching,2018-05-31,2021-04-30,36,7,0.5369458128078818,0.22726321297749869,0.22902436077392002,0.1,0.14285714285714285,0.11764705882352941,0.6896551724137931,-0.16748768472906406,1,9,6,20
markov_switching,2018-06-30,2021-05-31,36,7,0.5369458128078818,0.22726321297749869,0.22902436077392002,0.1,0.14285714285714285,0.11764705882352941,0.6896551724137931,-0.16748768472906406,1,9,6,20
markov_switching,2018-07-31,2021-06-30,36,7,0.5369458128078818,0.22726321297749869,0.22902436077392002,0.1,0.14285714285714285,0.11764705882352941,0.6896551724137931,-0.16748768472906406,1,9,6,20
markov_switching,2018-08-31,2021-07-31,36,7,0.5369458128078818,0.22726321297749869,0.22902436077392002,0.1,0.14285714285714285,0.11764705882352941,0.6896551724137931,-0.16748768472906406,1,9,6,20
markov_switching,2018-09-30,2021-08-31,36,7,0.5369458128078818,0.22726321297749869,0.22902436077392008,0.1,0.14285714285714285,0.11764705882352941,0.6896551724137931,-0.16748768472906406,1,9,6,20
markov_switching,2018-10-31,2021-09-30,36,7,0.5369458128078818,0.22726321297749869,0.22902436077392002,0.1,0.14285714285714285,0.11764705882352941,0.6896551724137931,-0.16748768472906406,1,9,6,20
markov_switching,2018-11-30,2021-10-31,36,7,0.5369458128078818,0.22726321297749869,0.22902436077392002,0.1,0.14285714285714285,0.11764705882352941,0.6896551724137931,-0.16748768472906406,1,9,6,20
markov_switching,2018-12-31,2021-11-30,36,7,0.541871921182266,0.23034013605442177,0.22795917323921117,0.1,0.14285714285714285,0.11764705882352941,0.6896551724137931,-0.16748768472906406,1,9,6,20
markov_switching,2019-01-31,2021-12-31,36,7,0.5615763546798029,0.24047619047619045,0.2267563183009396,0.1,0.14285714285714285,0.11764705882352941,0.6896551724137931,-0.16748768472906406,1,9,6,20
markov_switching,2019-02-28,2022-01-31,36,7,0.5812807881773399,0.2516181758744688,0.22555346336266796,0.1,0.14285714285714285,0.11764705882352941,0.6896551724137931,-0.16748768472906406,1,9,6,20
markov_switching,2019-03-31,2022-02-28,36,7,0.5862068965517241,0.2555707450444292,0.2244882758279591,0.1,0.14285714285714285,0.11764705882352941,0.6896551724137931,-0.16748768472906406,1,9,6,20
markov_switching,2019-04-30,2022-03-31,36,7,0.605911330049261,0.26825396825396824,0.22328542088968747,0.1,0.14285714285714285,0.11764705882352941,0.6896551724137931,-0.16748768472906406,1,9,6,20
markov_switching,2019-05-31,2022-04-30,36,7,0.6157635467980296,0.273015873015873,0.2221741037397772,0.1,0.14285714285714285,0.11764705882352941,0.6896551724137931,-0.16748768472906406,1,9,6,20
markov_switching,2019-06-30,2022-05-31,36,7,0.6354679802955665,0.2876160990712074,0.22097124880150557,0.1,0.14285714285714285,0.11764705882352941,0.6896551724137931,-0.16748768472906406,1,9,6,20
markov_switching,2019-07-31,2022-06-30,36,7,0.6551724137931034,0.30396825396825394,0.21976839386323396,0.1,0.14285714285714285,0.11764705882352941,0.6896551724137931,-0.16748768472906406,1,9,6,20
markov_switching,2019-08-31,2022-07-31,36,7,0.6748768472906403,0.32240896358543414,0.21856553892496236,0.1,0.14285714285714285,0.11764705882352941,0.6896551724137931,-0.16748768472906406,1,9,6,20
markov_switching,2019-09-30,2022-08-31,36,7,0.6896551724137931,0.3360144057623049,0.2184278715213996,0.1,0.14285714285714285,0.11764705882352941,0.6896551724137931,-0.16748768472906406,1,9,6,20
markov_switching,2019-10-31,2022-09-30,36,6,0.6805555555555555,0.27717086834733895,0.20222416781769592,0.1,0.16666666666666666,0.125,0.7,-0.13333333333333341,1,9,5,21
markov_switching,2019-11-30,2022-10-31,36,5,0.6709677419354838,0.22336134453781514,0.18602046411399223,0.1,0.2,0.13333333333333333,0.7096774193548387,-0.0903225806451613,1,9,4,22
markov_switching,2019-12-31,2022-11-30,36,4,0.6640625,0.18155080213903743,0.1734745416055553,0.09090909090909091,0.25,0.13333333333333333,0.6875,-0.0625,1,10,3,22
markov_switching,2020-01-31,2022-12-31,36,3,0.6666666666666666,0.1527777777777778,0.16092861909711836,0.08333333333333333,0.3333333333333333,0.13333333333333333,0.6666666666666666,0.0,1,11,2,22
markov_switching,2020-02-29,2023-01-31,36,2,0.6617647058823529,0.10096153846153846,0.15670172437832552,0.07692307692307693,0.5,0.13333333333333336,0.6470588235294118,0.1470588235294117,1,12,1,22
markov_switching,2020-03-31,2023-02-28,36,1,0.6857142857142857,0.07142857142857142,0.15247482965953266,0.07142857142857142,1.0,0.13333333333333333,0.6285714285714286,0.6285714285714286,1,13,0,22
markov_switching,2020-04-30,2023-03-31,36,0,,,0.1569827231098201,0.0,0.0,0.0,0.6111111111111112,-0.38888888888888884,0,14,0,22
markov_switching,2020-05-31,2023-04-30,36,0,,,0.1569827231098201,0.0,0.0,0.0,0.6111111111111112,-0.38888888888888884,0,14,0,22
markov_switching,2020-06-30,2023-05-31,36,0,,,0.1569827231098201,0.0,0.0,0.0,0.6111111111111112,-0.38888888888888884,0,14,0,22
markov_switching,2020-07-31,2023-06-30,36,0,,,0.1569827231098201,0.0,0.0,0.0,0.6111111111111112,-0.38888888888888884,0,14,0,22
markov_switching,2020-08-31,2023-07-31,36,0,,,0.1569827231098201,0.0,0.0,0.0,0.6111111111111112,-0.38888888888888884,0,14,0,22
markov_switching,2020-09-30,2023-08-31,36,0,,,0.1569827231098201,0.0,0.0,0.0,0.6111111111111112,-0.38888888888888884,0,14,0,22
markov_switching,2020-10-31,2023-09-30,36,0,,,0.1569827231098201,0.0,0.0,0.0,0.6111111111111112,-0.38888888888888884,0,14,0,22
markov_switching,2020-11-30,2023-10-31,36,0,,,0.1569827231098201,0.0,0.0,0.0,0.6111111111111112,-0.38888888888888884,0,14,0,22
markov_switching,2020-12-31,2023-11-30,36,0,,,0.17016238703300254,0.0,0.0,0.0,0.5833333333333334,-0.41666666666666663,0,15,0,21
markov_switching,2021-01-31,2023-12-31,36,0,,,0.17793825433949909,0.0,0.0,0.0,0.5833333333333334,-0.41666666666666663,0,15,0,21
markov_switching,2021-02-28,2024-01-31,36,0,,,0.19111791826268154,0.0,0.0,0.0,0.5555555555555556,-0.4444444444444444,0,16,0,20
markov_switching,2021-03-31,2024-02-29,36,0,,,0.19889378556917808,0.0,0.0,0.0,0.5555555555555556,-0.4444444444444444,0,16,0,20
markov_switching,2021-04-30,2024-03-31,36,0,,,0.2120734494923605,0.0,0.0,0.0,0.5277777777777778,-0.4722222222222222,0,17,0,19
markov_switching,2021-05-31,2024-04-30,36,0,,,0.22525311341554297,0.0,0.0,0.0,0.5,-0.5,0,18,0,18
markov_switching,2021-06-30,2024-05-31,36,0,,,0.23843277733872542,0.0,0.0,0.0,0.4722222222222222,-0.5277777777777778,0,19,0,17
markov_switching,2021-07-31,2024-06-30,36,0,,,0.25161244126190785,0.0,0.0,0.0,0.4444444444444444,-0.5555555555555556,0,20,0,16
markov_switching,2021-08-31,2024-07-31,36,0,,,0.2647921051850903,0.0,0.0,0.0,0.4166666666666667,-0.5833333333333333,0,21,0,15
markov_switching,2021-09-30,2024-08-31,36,0,,,0.27797176910827276,0.0,0.0,0.0,0.3888888888888889,-0.6111111111111112,0,22,0,14
markov_switching,2021-10-31,2024-09-30,36,0,,,0.29115143303145513,0.0,0.0,0.0,0.3611111111111111,-0.6388888888888888,0,23,0,13
markov_switching,2021-11-30,2024-10-31,36,0,,,0.3043310969546376,0.0,0.0,0.0,0.3333333333333333,-0.6666666666666667,0,24,0,12
markov_switching,2021-12-31,2024-11-30,36,0,,,0.30539628448934647,0.0,0.0,0.0,0.3333333333333333,-0.6666666666666667,0,24,0,12
markov_switching,2022-01-31,2024-12-31,36,0,,,0.30539628448934647,0.0,0.0,0.0,0.3333333333333333,-0.6666666666666667,0,24,0,12
markov_switching,2022-02-28,2025-01-31,36,0,,,0.3065991394276181,0.0,0.0,0.0,0.3333333333333333,-0.6666666666666667,0,24,0,12
markov_switching,2022-03-31,2025-02-28,36,0,,,0.3078019943658897,0.0,0.0,0.0,0.3333333333333333,-0.6666666666666667,0,24,0,12
markov_switching,2022-04-30,2025-03-31,36,0,,,0.31320579098257556,0.0,0.0,0.0,0.3055555555555556,-0.6944444444444444,0,25,0,11
markov_switching,2022-05-31,2025-04-30,36,0,,,0.31860958759926145,0.0,0.0,0.0,0.2777777777777778,-0.7222222222222222,0,26,0,10
markov_switching,2022-06-30,2025-05-31,36,0,,,0.319812442537533,0.0,0.0,0.0,0.2777777777777778,-0.7222222222222222,0,26,0,10
markov_switching,2022-07-31,2025-06-30,36,0,,,0.319944045216413,0.0,0.0,0.0,0.2777777777777778,-0.7222222222222222,0,26,0,10
markov_switching,2022-08-31,2025-07-31,36,0,,,0.3211469001546846,0.0,0.0,0.0,0.2777777777777778,-0.7222222222222222,0,26,0,10
markov_switching,2022-09-30,2025-08-31,36,0,,,0.32128456755824747,0.0,0.0,0.0,0.2777777777777778,-0.7222222222222222,0,26,0,10
markov_switching,2022-10-31,2025-09-30,36,0,,,0.32128456755824747,0.0,0.0,0.0,0.2777777777777778,-0.7222222222222222,0,26,0,10
markov_switching,2022-11-30,2025-10-31,36,0,,,0.3254855092366617,0.0,0.0,0.0,0.25,-0.75,0,27,0,9
