Model,AUC,PR_AUC,Brier,LogLoss,Precision,Recall,F1,Accuracy,Sensitivity,Specificity,Youdens_J
probit,0.6710526315789473,0.2382033684390884,0.22763027784034598,0.6026951844030795,0.10256410256410256,0.21052631578947367,0.13793103448275862,0.6240601503759399,0.21052631578947367,0.6929824561403509,-0.0964912280701754
random_forest,0.7072945521698984,0.2822047140604007,0.18693590179010022,0.5362955791404691,0.32727272727272727,0.9473684210526315,0.4864864864864865,0.7142857142857143,0.9473684210526315,0.6754385964912281,0.6228070175438596
xgboost,0.6888273314866112,0.22867908148438046,0.18053803479321134,0.5308850522717095,0.18181818181818182,0.42105263157894735,0.25396825396825395,0.6466165413533834,0.42105263157894735,0.6842105263157895,0.10526315789473673
markov_switching,0.5,0.14285714285714285,0.25,0.6931471805599454,0.14285714285714285,1.0,0.25,0.14285714285714285,1.0,0.0,0.0
hamilton_benchmark,0.4896121883656509,0.17973852350022518,0.1316907819548872,0.490034116968747,0.5,0.05263157894736842,0.09523809523809523,0.8571428571428571,0.05263157894736842,0.9912280701754386,0.04385964912280693
chauvet_piger_benchmark,0.6368882733148662,0.30617452722715877,0.13931423007518795,0.6382368772452008,0.5,0.05263157894736842,0.09523809523809523,0.8571428571428571,0.05263157894736842,0.9912280701754386,0.04385964912280693
wright_probit,0.7054478301015698,0.21458405900534505,0.23962951358509377,0.7162933617274797,0.2916666666666667,0.7368421052631579,0.417910447761194,0.706766917293233,0.7368421052631579,0.7017543859649122,0.4385964912280702
ensemble_raw,0.685595567867036,0.21091488955338245,0.19117866091768027,0.539712124335318,0.10256410256410256,0.21052631578947367,0.13793103448275862,0.6240601503759399,0.21052631578947367,0.6929824561403509,-0.0964912280701754
ensemble,0.685595567867036,0.21091488955338245,0.20623977033963847,0.5652554322363571,0.05555555555555555,0.10526315789473684,0.07272727272727272,0.6165413533834586,0.10526315789473684,0.7017543859649122,-0.19298245614035092
