Model,Window_Start,Window_End,Months,Positives,AUC,PR_AUC,Brier,Precision,Recall,F1,Specificity,Youdens_J,TP,FP,FN,TN
ensemble,2014-03-31,2017-02-28,36,0,,,0.004046624755542206,0.0,0.0,0.0,1.0,0.0,0,0,0,36
ensemble,2014-04-30,2017-03-31,36,0,,,0.004308783693931585,0.0,0.0,0.0,1.0,0.0,0,0,0,36
ensemble,2014-05-31,2017-04-30,36,0,,,0.0045580242928107105,0.0,0.0,0.0,1.0,0.0,0,0,0,36
ensemble,2014-06-30,2017-05-31,36,0,,,0.004869318548628058,0.0,0.0,0.0,1.0,0.0,0,0,0,36
ensemble,2014-07-31,2017-06-30,36,0,,,0.005098415374226485,0.0,0.0,0.0,1.0,0.0,0,0,0,36
ensemble,2014-08-31,2017-07-31,36,0,,,0.005422487271490941,0.0,0.0,0.0,1.0,0.0,0,0,0,36
ensemble,2014-09-30,2017-08-31,36,0,,,0.0057444146099222895,0.0,0.0,0.0,1.0,0.0,0,0,0,36
ensemble,2014-10-31,2017-09-30,36,0,,,0.006286770661346595,0.0,0.0,0.0,1.0,0.0,0,0,0,36
ensemble,2014-11-30,2017-10-31,36,0,,,0.006653621456522866,0.0,0.0,0.0,1.0,0.0,0,0,0,36
ensemble,2014-12-31,2017-11-30,36,0,,,0.007088109608831998,0.0,0.0,0.0,1.0,0.0,0,0,0,36
ensemble,2015-01-31,2017-12-31,36,0,,,0.009001340846305599,0.0,0.0,0.0,1.0,0.0,0,0,0,36
ensemble,2015-02-28,2018-01-31,36,0,,,0.010334512584454985,0.0,0.0,0.0,1.0,0.0,0,0,0,36
ensemble,2015-03-31,2018-02-28,36,0,,,0.011514295137055543,0.0,0.0,0.0,1.0,0.0,0,0,0,36
ensemble,2015-04-30,2018-03-31,36,0,,,0.013214689491867713,0.0,0.0,0.0,1.0,0.0,0,0,0,36
ensemble,2015-05-31,2018-04-30,36,0,,,0.015170700980109066,0.0,0.0,0.0,1.0,0.0,0,0,0,36
ensemble,2015-06-30,2018-05-31,36,0,,,0.017379060092785985,0.0,0.0,0.0,1.0,0.0,0,0,0,36
ensemble,2015-07-31,2018-06-30,36,0,,,0.019014329009254004,0.0,0.0,0.0,1.0,0.0,0,0,0,36
ensemble,2015-08-31,2018-07-31,36,0,,,0.020564218624207157,0.0,0.0,0.0,1.0,0.0,0,0,0,36
ensemble,2015-09-30,2018-08-31,36,0,,,0.022754101876275804,0.0,0.0,0.0,1.0,0.0,0,0,0,36
ensemble,2015-10-31,2018-09-30,36,1,0.9857142857142858,0.5,0.03703420876077035,0.0,0.0,0.0,1.0,0.0,0,0,1,35
ensemble,2015-11-30,2018-10-31,36,2,0.9926470588235294,0.8333333333333333,0.05099484182763441,0.0,0.0,0.0,1.0,0.0,0,0,2,34
ensemble,2015-12-31,2018-11-30,36,3,0.9949494949494949,0.9166666666666665,0.06497239029902885,0.0,0.0,0.0,1.0,0.0,0,0,3,33
ensemble,2016-01-31,2018-12-31,36,4,0.99609375,0.95,0.07625915736742114,0.0,0.0,0.0,1.0,0.0,0,0,4,32
ensemble,2016-02-29,2019-01-31,36,5,0.996774193548387,0.9666666666666666,0.08760530664599968,0.0,0.0,0.0,1.0,0.0,0,0,5,31
ensemble,2016-03-31,2019-02-28,36,6,0.9972222222222222,0.976190476190476,0.1014813640881158,0.0,0.0,0.0,1.0,0.0,0,0,6,30
ensemble,2016-04-30,2019-03-31,36,7,0.9975369458128079,0.982142857142857,0.11490676079468096,0.0,0.0,0.0,1.0,0.0,0,0,7,29
ensemble,2016-05-31,2019-04-30,36,8,0.9977678571428572,0.9861111111111112,0.12678305986728755,0.0,0.0,0.0,1.0,0.0,0,0,8,28
ensemble,2016-06-30,2019-05-31,36,9,0.9979423868312758,0.9888888888888892,0.13831519227766068,0.0,0.0,0.0,1.0,0.0,0,0,9,27
ensemble,2016-07-31,2019-06-30,36,10,0.9980769230769232,0.9909090909090909,0.14858541727713942,0.0,0.0,0.0,1.0,0.0,0,0,10,26
ensemble,2016-08-31,2019-07-31,36,11,0.9981818181818182,0.9924242424242424,0.1614522719767817,0.0,0.0,0.0,1.0,0.0,0,0,11,25
ensemble,2016-09-30,2019-08-31,36,12,0.9982638888888888,0.9935897435897437,0.17298285276300146,0.0,0.0,0.0,1.0,0.0,0,0,12,24
ensemble,2016-10-31,2019-09-30,36,13,0.9983277591973244,0.9945054945054943,0.18674302411227872,0.0,0.0,0.0,1.0,0.0,0,0,13,23
ensemble,2016-11-30,2019-10-31,36,14,0.9983766233766233,0.9952380952380951,0.2004662441053483,0.0,0.0,0.0,1.0,0.0,0,0,14,22
ensemble,2016-12-31,2019-11-30,36,15,0.9984126984126984,0.9958333333333333,0.2124218986675633,0.0,0.0,0.0,1.0,0.0,0,0,15,21
ensemble,2017-01-31,2019-12-31,36,16,0.9984375,0.9963235294117647,0.22436271954814277,0.0,0.0,0.0,1.0,0.0,0,0,16,20
ensemble,2017-02-28,2020-01-31,36,17,0.9984520123839009,0.9967320261437909,0.23797566270681259,0.0,0.0,0.0,1.0,0.0,0,0,17,19
ensemble,2017-03-31,2020-02-29,36,18,0.9984567901234568,0.997076023391813,0.24512602344494472,1.0,0.05555555555555555,0.10526315789473684,1.0,0.05555555555555558,1,0,17,18
ensemble,2017-04-30,2020-03-31,36,19,0.9984520123839009,0.9973684210526312,0.2466588205386471,1.0,0.10526315789473684,0.1904761904761905,1.0,0.10526315789473673,2,0,17,17
ensemble,2017-05-31,2020-04-30,36,19,0.9396284829721362,0.8618541623043008,0.2656601179502762,0.6666666666666666,0.10526315789473684,0.18181818181818182,0.9411764705882353,0.04643962848297223,2,1,17,16
ensemble,2017-06-30,2020-05-31,36,19,0.8839009287925697,0.7824394473775278,0.2768708369428974,0.5,0.10526315789473684,0.17391304347826086,0.8823529411764706,-0.012383900928792602,2,2,17,15
ensemble,2017-07-31,2020-06-30,36,19,0.8312693498452013,0.7253380032943231,0.2831142992480391,0.4,0.10526315789473684,0.16666666666666666,0.8235294117647058,-0.07120743034055732,2,3,17,14
ensemble,2017-08-31,2020-07-31,36,19,0.8312693498452013,0.725338003294323,0.2837843791596535,0.4,0.10526315789473684,0.16666666666666666,0.8235294117647058,-0.07120743034055732,2,3,17,14
ensemble,2017-09-30,2020-08-31,36,19,0.8312693498452013,0.725338003294323,0.28374275967753326,0.4,0.10526315789473684,0.16666666666666666,0.8235294117647058,-0.07120743034055732,2,3,17,14
ensemble,2017-10-31,2020-09-30,36,19,0.8312693498452013,0.725338003294323,0.28329541648086926,0.4,0.10526315789473684,0.16666666666666666,0.8235294117647058,-0.07120743034055732,2,3,17,14
ensemble,2017-11-30,2020-10-31,36,19,0.8312693498452013,0.725338003294323,0.2829861509370801,0.4,0.10526315789473684,0.16666666666666666,0.8235294117647058,-0.07120743034055732,2,3,17,14
ensemble,2017-12-31,2020-11-30,36,19,0.8312693498452013,0.725338003294323,0.28259719768851355,0.4,0.10526315789473684,0.16666666666666666,0.8235294117647058,-0.07120743034055732,2,3,17,14
ensemble,2018-01-31,2020-12-31,36,19,0.8312693498452012,0.7253380032943231,0.2807218608896792,0.4,0.10526315789473684,0.16666666666666666,0.8235294117647058,-0.07120743034055732,2,3,17,14
ensemble,2018-02-28,2021-01-31,36,19,0.8312693498452012,0.7253380032943231,0.279431051675387,0.4,0.10526315789473684,0.16666666666666666,0.8235294117647058,-0.07120743034055732,2,3,17,14
ensemble,2018-03-31,2021-02-28,36,19,0.8312693498452012,0.7253380032943231,0.2780706877429966,0.4,0.10526315789473684,0.16666666666666666,0.8235294117647058,-0.07120743034055732,2,3,17,14
ensemble,2018-04-30,2021-03-31,36,19,0.8312693498452012,0.7253380032943231,0.2761555998282457,0.4,0.10526315789473684,0.16666666666666666,0.8235294117647058,-0.07120743034055732,2,3,17,14
ensemble,2018-05-31,2021-04-30,36,19,0.8312693498452012,0.7253380032943231,0.27406985967529474,0.4,0.10526315789473684,0.16666666666666666,0.8235294117647058,-0.07120743034055732,2,3,17,14
ensemble,2018-06-30,2021-05-31,36,19,0.8328173374613003,0.7273142878793034,0.2718519719794681,0.4,0.10526315789473684,0.16666666666666666,0.8235294117647058,-0.07120743034055732,2,3,17,14
ensemble,2018-07-31,2021-06-30,36,19,0.8328173374613003,0.7273142878793033,0.2702051645417345,0.4,0.10526315789473684,0.16666666666666666,0.8235294117647058,-0.07120743034055732,2,3,17,14
ensemble,2018-08-31,2021-07-31,36,19,0.8328173374613003,0.7273142878793033,0.26865605555339817,0.4,0.10526315789473684,0.16666666666666666,0.8235294117647058,-0.07120743034055732,2,3,17,14
ensemble,2018-09-30,2021-08-31,36,19,0.8328173374613003,0.7273142878793033,0.26652769407396765,0.4,0.10526315789473684,0.16666666666666666,0.8235294117647058,-0.07120743034055732,2,3,17,14
ensemble,2018-10-31,2021-09-30,36,18,0.8425925925925927,0.7197408392261334,0.2523497450550486,0.4,0.1111111111111111,0.1739130434782609,0.8333333333333334,-0.05555555555555558,2,3,16,15
ensemble,2018-11-30,2021-10-31,36,17,0.8513931888544892,0.7117984236063821,0.23848021009522047,0.4,0.11764705882352941,0.1818181818181818,0.8421052631578947,-0.04024767801857587,2,3,15,16
ensemble,2018-12-31,2021-11-30,36,16,0.859375,0.7021739829765178,0.22460481948940153,0.4,0.125,0.19047619047619047,0.85,-0.025000000000000022,2,3,14,17
ensemble,2019-01-31,2021-12-31,36,15,0.8666666666666667,0.6931471306471306,0.21340164893120392,0.4,0.13333333333333333,0.2,0.8571428571428571,-0.009523809523809601,2,3,13,18
ensemble,2019-02-28,2022-01-31,36,14,0.8733766233766235,0.6835460407939399,0.20218778124983539,0.4,0.14285714285714285,0.21052631578947364,0.8636363636363636,0.006493506493506551,2,3,12,19
ensemble,2019-03-31,2022-02-28,36,13,0.8795986622073578,0.6728912113527498,0.18843110624065582,0.4,0.15384615384615385,0.2222222222222222,0.8695652173913043,0.02341137123745818,2,3,11,20
ensemble,2019-04-30,2022-03-31,36,12,0.8854166666666666,0.6614059551559551,0.1754578311166138,0.4,0.16666666666666666,0.23529411764705882,0.875,0.04166666666666674,2,3,10,21
ensemble,2019-05-31,2022-04-30,36,11,0.8909090909090909,0.6495572609208972,0.16476747960687857,0.4,0.18181818181818182,0.25000000000000006,0.88,0.06181818181818177,2,3,9,22
ensemble,2019-06-30,2022-05-31,36,10,0.8961538461538462,0.6370496170496172,0.15495174565410944,0.4,0.2,0.26666666666666666,0.8846153846153846,0.08461538461538454,2,3,8,23
ensemble,2019-07-31,2022-06-30,36,9,0.888888888888889,0.6041828541828542,0.14662954623958016,0.4,0.2222222222222222,0.2857142857142857,0.8888888888888888,0.11111111111111116,2,3,7,24
ensemble,2019-08-31,2022-07-31,36,8,0.8616071428571429,0.5269882894882896,0.14225955836661042,0.3333333333333333,0.25,0.28571428571428575,0.8571428571428571,0.1071428571428572,2,4,6,24
ensemble,2019-09-30,2022-08-31,36,7,0.8325123152709359,0.44100344100344097,0.14884461544849978,0.2857142857142857,0.2857142857142857,0.2857142857142857,0.8275862068965517,0.11330049261083741,2,5,5,24
ensemble,2019-10-31,2022-09-30,36,6,0.8111111111111111,0.36898656898656906,0.15496225151907905,0.25,0.3333333333333333,0.28571428571428575,0.8,0.1333333333333333,2,6,4,24
ensemble,2019-11-30,2022-10-31,36,5,0.7935483870967742,0.31237762237762245,0.16107988758965833,0.2222222222222222,0.4,0.2857142857142857,0.7741935483870968,0.17419354838709689,2,7,3,24
ensemble,2019-12-31,2022-11-30,36,4,0.7734375,0.24232711732711731,0.16921513246807696,0.2,0.5,0.28571428571428575,0.75,0.25,2,8,2,24
ensemble,2020-01-31,2022-12-31,36,3,0.7575757575757576,0.19120879120879122,0.17735037734649559,0.18181818181818182,0.6666666666666666,0.28571428571428575,0.7272727272727273,0.39393939393939403,2,9,1,24
ensemble,2020-02-29,2023-01-31,36,2,0.7647058823529411,0.1534090909090909,0.18383139302946594,0.16666666666666666,1.0,0.2857142857142857,0.7058823529411765,0.7058823529411766,2,10,0,24
ensemble,2020-03-31,2023-02-28,36,1,0.7714285714285714,0.1111111111111111,0.19675709805033195,0.08333333333333333,1.0,0.15384615384615385,0.6857142857142857,0.6857142857142857,1,11,0,24
ensemble,2020-04-30,2023-03-31,36,0,,,0.21530036671562763,0.0,0.0,0.0,0.6666666666666666,-0.33333333333333337,0,12,0,24
ensemble,2020-05-31,2023-04-30,36,0,,,0.21638996874463212,0.0,0.0,0.0,0.6666666666666666,-0.33333333333333337,0,12,0,24
ensemble,2020-06-30,2023-05-31,36,0,,,0.2252005473728372,0.0,0.0,0.0,0.6666666666666666,-0.33333333333333337,0,12,0,24
ensemble,2020-07-31,2023-06-30,36,0,,,0.23882037018399815,0.0,0.0,0.0,0.6666666666666666,-0.33333333333333337,0,12,0,24
ensemble,2020-08-31,2023-07-31,36,0,,,0.25792614847988954,0.0,0.0,0.0,0.6388888888888888,-0.36111111111111116,0,13,0,23
ensemble,2020-09-30,2023-08-31,36,0,,,0.27660859335794713,0.0,0.0,0.0,0.6111111111111112,-0.38888888888888884,0,14,0,22
ensemble,2020-10-31,2023-09-30,36,0,,,0.295476007461245,0.0,0.0,0.0,0.5833333333333334,-0.41666666666666663,0,15,0,21
ensemble,2020-11-30,2023-10-31,36,0,,,0.31331522346400553,0.0,0.0,0.0,0.5555555555555556,-0.4444444444444444,0,16,0,20
ensemble,2020-12-31,2023-11-30,36,0,,,0.33099161288671597,0.0,0.0,0.0,0.5277777777777778,-0.4722222222222222,0,17,0,19
ensemble,2021-01-31,2023-12-31,36,0,,,0.3423108495697895,0.0,0.0,0.0,0.5,-0.5,0,18,0,18
ensemble,2021-02-28,2024-01-31,36,0,,,0.35150076393904384,0.0,0.0,0.0,0.4722222222222222,-0.5277777777777778,0,19,0,17
ensemble,2021-03-31,2024-02-29,36,0,,,0.3636637141696824,0.0,0.0,0.0,0.4444444444444444,-0.5555555555555556,0,20,0,16
ensemble,2021-04-30,2024-03-31,36,0,,,0.3764729934730672,0.0,0.0,0.0,0.4166666666666667,-0.5833333333333333,0,21,0,15
ensemble,2021-05-31,2024-04-30,36,0,,,0.3890564502008653,0.0,0.0,0.0,0.3888888888888889,-0.6111111111111112,0,22,0,14
ensemble,2021-06-30,2024-05-31,36,0,,,0.4039047378805687,0.0,0.0,0.0,0.3611111111111111,-0.6388888888888888,0,23,0,13
ensemble,2021-07-31,2024-06-30,36,0,,,0.4212152854379342,0.0,0.0,0.0,0.3333333333333333,-0.6666666666666667,0,24,0,12
ensemble,2021-08-31,2024-07-31,36,0,,,0.43865157665939886,0.0,0.0,0.0,0.3055555555555556,-0.6944444444444444,0,25,0,11
ensemble,2021-09-30,2024-08-31,36,0,,,0.45041425317155476,0.0,0.0,0.0,0.2777777777777778,-0.7222222222222222,0,26,0,10
ensemble,2021-10-31,2024-09-30,36,0,,,0.4605179703564214,0.0,0.0,0.0,0.25,-0.75,0,27,0,9
ensemble,2021-11-30,2024-10-31,36,0,,,0.47320360132414446,0.0,0.0,0.0,0.2222222222222222,-0.7777777777777778,0,28,0,8
ensemble,2021-12-31,2024-11-30,36,0,,,0.48448738390338203,0.0,0.0,0.0,0.19444444444444445,-0.8055555555555556,0,29,0,7
ensemble,2022-01-31,2024-12-31,36,0,,,0.48839983109530394,0.0,0.0,0.0,0.19444444444444445,-0.8055555555555556,0,29,0,7
ensemble,2022-02-28,2025-01-31,36,0,,,0.49154566742150796,0.0,0.0,0.0,0.19444444444444445,-0.8055555555555556,0,29,0,7
ensemble,2022-03-31,2025-02-28,36,0,,,0.4979804870222687,0.0,0.0,0.0,0.16666666666666666,-0.8333333333333334,0,30,0,6
ensemble,2022-04-30,2025-03-31,36,0,,,0.5036410848732414,0.0,0.0,0.0,0.1388888888888889,-0.8611111111111112,0,31,0,5
probit,2014-03-31,2017-02-28,36,0,,,0.002411326045329734,0.0,0.0,0.0,1.0,0.0,0,0,0,36
probit,2014-04-30,2017-03-31,36,0,,,0.0025215188827952986,0.0,0.0,0.0,1.0,0.0,0,0,0,36
probit,2014-05-31,2017-04-30,36,0,,,0.0026317117202608637,0.0,0.0,0.0,1.0,0.0,0,0,0,36
probit,2014-06-30,2017-05-31,36,0,,,0.0027419045577264287,0.0,0.0,0.0,1.0,0.0,0,0,0,36
probit,2014-07-31,2017-06-30,36,0,,,0.0028520973951919933,0.0,0.0,0.0,1.0,0.0,0,0,0,36
probit,2014-08-31,2017-07-31,36,0,,,0.0029622902326575575,0.0,0.0,0.0,1.0,0.0,0,0,0,36
probit,2014-09-30,2017-08-31,36,0,,,0.0030724830701231226,0.0,0.0,0.0,1.0,0.0,0,0,0,36
probit,2014-10-31,2017-09-30,36,0,,,0.0031826759075886876,0.0,0.0,0.0,1.0,0.0,0,0,0,36
probit,2014-11-30,2017-10-31,36,0,,,0.0032928687450542522,0.0,0.0,0.0,1.0,0.0,0,0,0,36
probit,2014-12-31,2017-11-30,36,0,,,0.003403061582519817,0.0,0.0,0.0,1.0,0.0,0,0,0,36
probit,2015-01-31,2017-12-31,36,0,,,0.00593931950458286,0.0,0.0,0.0,1.0,0.0,0,0,0,36
probit,2015-02-28,2018-01-31,36,0,,,0.008475577426645904,0.0,0.0,0.0,1.0,0.0,0,0,0,36
probit,2015-03-31,2018-02-28,36,0,,,0.011011835348708946,0.0,0.0,0.0,1.0,0.0,0,0,0,36
probit,2015-04-30,2018-03-31,36,0,,,0.01354809327077199,0.0,0.0,0.0,1.0,0.0,0,0,0,36
probit,2015-05-31,2018-04-30,36,0,,,0.015731517037918138,0.0,0.0,0.0,1.0,0.0,0,0,0,36
probit,2015-06-30,2018-05-31,36,0,,,0.018267774959981182,0.0,0.0,0.0,1.0,0.0,0,0,0,36
probit,2015-07-31,2018-06-30,36,0,,,0.020804032882044226,0.0,0.0,0.0,1.0,0.0,0,0,0,36
probit,2015-08-31,2018-07-31,36,0,,,0.023340290804107267,0.0,0.0,0.0,1.0,0.0,0,0,0,36
probit,2015-09-30,2018-08-31,36,0,,,0.02587654872617031,0.0,0.0,0.0,1.0,0.0,0,0,0,36
probit,2015-10-31,2018-09-30,36,1,0.8857142857142858,0.1111111111111111,0.03928237186562466,0.0,0.0,0.0,1.0,0.0,0,0,1,35
probit,2015-11-30,2018-10-31,36,2,0.8823529411764706,0.2,0.05268819500507901,0.0,0.0,0.0,1.0,0.0,0,0,2,34
probit,2015-12-31,2018-11-30,36,3,0.8787878787878788,0.2727272727272727,0.06609401814453336,0.0,0.0,0.0,1.0,0.0,0,0,3,33
probit,2016-01-31,2018-12-31,36,4,0.875,0.3333333333333333,0.0794998412839877,0.0,0.0,0.0,1.0,0.0,0,0,4,32
probit,2016-02-29,2019-01-31,36,5,0.8709677419354839,0.38461538461538464,0.09290566442344206,0.0,0.0,0.0,1.0,0.0,0,0,5,31
probit,2016-03-31,2019-02-28,36,6,0.8666666666666667,0.42857142857142855,0.10631148756289642,0.0,0.0,0.0,1.0,0.0,0,0,6,30
probit,2016-04-30,2019-03-31,36,7,0.8620689655172413,0.4666666666666667,0.11971731070235075,0.0,0.0,0.0,1.0,0.0,0,0,7,29
probit,2016-05-31,2019-04-30,36,8,0.8571428571428572,0.5,0.13301294100433955,0.0,0.0,0.0,1.0,0.0,0,0,8,28
probit,2016-06-30,2019-05-31,36,9,0.8518518518518517,0.5294117647058824,0.14630857130632832,0.0,0.0,0.0,1.0,0.0,0,0,9,27
probit,2016-07-31,2019-06-30,36,10,0.8615384615384616,0.6,0.15850732653538657,0.0,0.0,0.0,1.0,0.0,0,0,10,26
probit,2016-08-31,2019-07-31,36,11,0.8545454545454545,0.6172248803827751,0.1718029568373754,0.0,0.0,0.0,1.0,0.0,0,0,11,25
probit,2016-09-30,2019-08-31,36,12,0.8611111111111112,0.6666666666666667,0.18031428542810296,1.0,0.08333333333333333,0.15384615384615385,1.0,0.08333333333333326,1,0,11,24
probit,2016-10-31,2019-09-30,36,13,0.8528428093645486,0.6776556776556777,0.19368816275197734,1.0,0.07692307692307693,0.14285714285714288,1.0,0.07692307692307687,1,0,12,23
probit,2016-11-30,2019-10-31,36,14,0.8441558441558441,0.6883116883116883,0.2069837930539661,1.0,0.07142857142857142,0.13333333333333333,1.0,0.0714285714285714,1,0,13,22
probit,2016-12-31,2019-11-30,36,15,0.8349206349206348,0.6985507246376812,0.2202794233559549,1.0,0.06666666666666667,0.125,1.0,0.06666666666666665,1,0,14,21
probit,2017-01-31,2019-12-31,36,16,0.825,0.7083333333333333,0.23357505365794365,1.0,0.0625,0.11764705882352941,1.0,0.0625,1,0,15,20
probit,2017-02-28,2020-01-31,36,17,0.8142414860681115,0.7176470588235294,0.2469155461544251,1.0,0.058823529411764705,0.1111111111111111,1.0,0.05882352941176472,1,0,16,19
probit,2017-03-31,2020-02-29,36,18,0.8148148148148149,0.7435897435897437,0.25281800508718705,1.0,0.1111111111111111,0.19999999999999998,1.0,0.11111111111111116,2,0,16,18
probit,2017-04-30,2020-03-31,36,19,0.8142414860681115,0.766081871345029,0.2537821924150107,1.0,0.15789473684210525,0.2727272727272727,1.0,0.1578947368421053,3,0,16,17
probit,2017-05-31,2020-04-30,36,19,0.7569659442724459,0.6786967418546366,0.2714130464095011,0.75,0.15789473684210525,0.2608695652173913,0.9411764705882353,0.09907120743034059,3,1,16,16
probit,2017-06-30,2020-05-31,36,19,0.6996904024767802,0.6277676950998186,0.2890439004039915,0.6,0.15789473684210525,0.25,0.8823529411764706,0.04024767801857587,3,2,16,15
probit,2017-07-31,2020-06-30,36,19,0.6439628482972136,0.5949874686716792,0.3014681428282339,0.5,0.15789473684210525,0.23999999999999996,0.8235294117647058,-0.018575851393188847,3,3,16,14
probit,2017-08-31,2020-07-31,36,19,0.5944272445820433,0.5750990379173742,0.3053158968058581,0.5,0.15789473684210525,0.23999999999999996,0.8235294117647058,-0.018575851393188847,3,3,16,14
probit,2017-09-30,2020-08-31,36,19,0.5944272445820433,0.5750990379173742,0.30571896512437574,0.5,0.15789473684210525,0.23999999999999996,0.8235294117647058,-0.018575851393188847,3,3,16,14
probit,2017-10-31,2020-09-30,36,19,0.5944272445820433,0.5750990379173739,0.3055720413410887,0.5,0.15789473684210525,0.23999999999999996,0.8235294117647058,-0.018575851393188847,3,3,16,14
probit,2017-11-30,2020-10-31,36,19,0.5944272445820433,0.5750990379173739,0.3054251175578015,0.5,0.15789473684210525,0.23999999999999996,0.8235294117647058,-0.018575851393188847,3,3,16,14
probit,2017-12-31,2020-11-30,36,19,0.5944272445820433,0.5750990379173742,0.3052781937745144,0.5,0.15789473684210525,0.23999999999999996,0.8235294117647058,-0.018575851393188847,3,3,16,14
probit,2018-01-31,2020-12-31,36,19,0.6176470588235293,0.5912280701754387,0.3027052049066297,0.5,0.15789473684210525,0.23999999999999996,0.8235294117647058,-0.018575851393188847,3,3,16,14
probit,2018-02-28,2021-01-31,36,19,0.6408668730650154,0.6084694494857834,0.3001689469845667,0.5,0.15789473684210525,0.23999999999999996,0.8235294117647058,-0.018575851393188847,3,3,16,14
probit,2018-03-31,2021-02-28,36,19,0.6640866873065016,0.6269423558897242,0.29763268906250356,0.5,0.15789473684210525,0.23999999999999996,0.8235294117647058,-0.018575851393188847,3,3,16,14
probit,2018-04-30,2021-03-31,36,19,0.6873065015479876,0.646783625730994,0.2950964311404405,0.5,0.15789473684210525,0.23999999999999996,0.8235294117647058,-0.018575851393188847,3,3,16,14
probit,2018-05-31,2021-04-30,36,19,0.6873065015479876,0.6467836257309942,0.29291300737329434,0.5,0.15789473684210525,0.23999999999999996,0.8235294117647058,-0.018575851393188847,3,3,16,14
probit,2018-06-30,2021-05-31,36,19,0.7105263157894737,0.6681511470985155,0.29037674945123126,0.5,0.15789473684210525,0.23999999999999996,0.8235294117647058,-0.018575851393188847,3,3,16,14
probit,2018-07-31,2021-06-30,36,19,0.7337461300309598,0.6912280701754385,0.2878404915291683,0.5,0.15789473684210525,0.23999999999999996,0.8235294117647058,-0.018575851393188847,3,3,16,14
probit,2018-08-31,2021-07-31,36,19,0.7569659442724458,0.7162280701754387,0.2853042336071052,0.5,0.15789473684210525,0.23999999999999996,0.8235294117647058,-0.018575851393188847,3,3,16,14
probit,2018-09-30,2021-08-31,36,19,0.7801857585139318,0.7434019832189169,0.28276797568504214,0.5,0.15789473684210525,0.23999999999999996,0.8235294117647058,-0.018575851393188847,3,3,16,14
probit,2018-10-31,2021-09-30,36,18,0.7932098765432098,0.7326599326599327,0.2693621525455878,0.5,0.16666666666666666,0.25,0.8333333333333334,0.0,3,3,15,15
probit,2018-11-30,2021-10-31,36,17,0.804953560371517,0.7210084033613446,0.2559563294061335,0.5,0.17647058823529413,0.2608695652173913,0.8421052631578947,0.018575851393188847,3,3,14,16
probit,2018-12-31,2021-11-30,36,16,0.815625,0.7083333333333335,0.24255050626667915,0.5,0.1875,0.2727272727272727,0.85,0.03750000000000009,3,3,13,17
probit,2019-01-31,2021-12-31,36,15,0.8253968253968254,0.6945029239766082,0.2292399534748413,0.5,0.2,0.28571428571428575,0.8571428571428571,0.05714285714285716,3,3,12,18
probit,2019-02-28,2022-01-31,36,14,0.8344155844155844,0.6793650793650794,0.21594432317285253,0.5,0.21428571428571427,0.3,0.8636363636363636,0.07792207792207795,3,3,11,19
probit,2019-03-31,2022-02-28,36,13,0.842809364548495,0.6627450980392156,0.2026486928708638,0.5,0.23076923076923078,0.3157894736842105,0.8695652173913043,0.10033444816053505,3,3,10,20
probit,2019-04-30,2022-03-31,36,12,0.8506944444444444,0.6444444444444444,0.19007712741392285,0.5,0.25,0.3333333333333333,0.875,0.125,3,3,9,21
probit,2019-05-31,2022-04-30,36,11,0.8454545454545455,0.5950757575757576,0.17920756219653156,0.5,0.2727272727272727,0.3529411764705882,0.88,0.15272727272727282,3,3,8,22
probit,2019-06-30,2022-05-31,36,10,0.8423076923076923,0.5483333333333333,0.16833799697914023,0.5,0.3,0.37499999999999994,0.8846153846153846,0.18461538461538463,3,3,7,23
probit,2019-07-31,2022-06-30,36,9,0.8353909465020577,0.5120370370370371,0.15856530683467945,0.5,0.3333333333333333,0.4,0.8888888888888888,0.2222222222222221,3,3,6,24
probit,2019-08-31,2022-07-31,36,8,0.8147321428571429,0.4494047619047619,0.15330869379248716,0.42857142857142855,0.375,0.39999999999999997,0.8571428571428571,0.2321428571428572,3,4,5,24
probit,2019-09-30,2022-08-31,36,7,0.7832512315270936,0.38903061224489793,0.16242821919624995,0.2857142857142857,0.2857142857142857,0.2857142857142857,0.8275862068965517,0.11330049261083741,2,5,5,24
probit,2019-10-31,2022-09-30,36,6,0.7666666666666666,0.325,0.1667634428887515,0.25,0.3333333333333333,0.28571428571428575,0.8,0.1333333333333333,2,6,4,24
probit,2019-11-30,2022-10-31,36,5,0.7548387096774193,0.2652777777777778,0.1710986665812531,0.2222222222222222,0.4,0.2857142857142857,0.7741935483870968,0.17419354838709689,2,7,3,24
probit,2019-12-31,2022-11-30,36,4,0.75,0.2107142857142857,0.17543389027375467,0.2,0.5,0.28571428571428575,0.75,0.25,2,8,2,24
probit,2020-01-31,2022-12-31,36,3,0.7575757575757576,0.16477272727272727,0.17976911396625622,0.18181818181818182,0.6666666666666666,0.28571428571428575,0.7272727272727273,0.39393939393939403,2,9,1,24
probit,2020-02-29,2023-01-31,36,2,0.7941176470588236,0.1388888888888889,0.18410433765875783,0.16666666666666666,1.0,0.2857142857142857,0.7058823529411765,0.7058823529411766,2,10,0,24
probit,2020-03-31,2023-02-28,36,1,0.8714285714285714,0.1,0.19583273272048624,0.08333333333333333,1.0,0.15384615384615385,0.6857142857142857,0.6857142857142857,1,11,0,24
probit,2020-04-30,2023-03-31,36,0,,,0.2124993993871529,0.0,0.0,0.0,0.6666666666666666,-0.33333333333333337,0,12,0,24
probit,2020-05-31,2023-04-30,36,0,,,0.2124993993871529,0.0,0.0,0.0,0.6666666666666666,-0.33333333333333337,0,12,0,24
probit,2020-06-30,2023-05-31,36,0,,,0.2124993993871529,0.0,0.0,0.0,0.6666666666666666,-0.33333333333333337,0,12,0,24
probit,2020-07-31,2023-06-30,36,0,,,0.21770601095740083,0.0,0.0,0.0,0.6666666666666666,-0.33333333333333337,0,12,0,24
probit,2020-08-31,2023-07-31,36,0,,,0.23148911097426708,0.0,0.0,0.0,0.6388888888888888,-0.36111111111111116,0,13,0,23
probit,2020-09-30,2023-08-31,36,0,,,0.24871689665023977,0.0,0.0,0.0,0.6111111111111112,-0.38888888888888884,0,14,0,22
probit,2020-10-31,2023-09-30,36,0,,,0.2664946744280173,0.0,0.0,0.0,0.5833333333333334,-0.41666666666666663,0,15,0,21
probit,2020-11-30,2023-10-31,36,0,,,0.2842724522057948,0.0,0.0,0.0,0.5555555555555556,-0.4444444444444444,0,16,0,20
probit,2020-12-31,2023-11-30,36,0,,,0.3020502299835723,0.0,0.0,0.0,0.5277777777777778,-0.4722222222222222,0,17,0,19
probit,2021-01-31,2023-12-31,36,0,,,0.3198280077613498,0.0,0.0,0.0,0.5,-0.5,0,18,0,18
probit,2021-02-28,2024-01-31,36,0,,,0.3375690545933057,0.0,0.0,0.0,0.4722222222222222,-0.5277777777777778,0,19,0,17
probit,2021-03-31,2024-02-29,36,0,,,0.3553101014252616,0.0,0.0,0.0,0.4444444444444444,-0.5555555555555556,0,20,0,16
probit,2021-04-30,2024-03-31,36,0,,,0.3730511482572175,0.0,0.0,0.0,0.4166666666666667,-0.5833333333333333,0,21,0,15
probit,2021-05-31,2024-04-30,36,0,,,0.39079219508917346,0.0,0.0,0.0,0.3888888888888889,-0.6111111111111112,0,22,0,14
probit,2021-06-30,2024-05-31,36,0,,,0.4085332419211294,0.0,0.0,0.0,0.3611111111111111,-0.6388888888888888,0,23,0,13
probit,2021-07-31,2024-06-30,36,0,,,0.4262742887530853,0.0,0.0,0.0,0.3333333333333333,-0.6666666666666667,0,24,0,12
probit,2021-08-31,2024-07-31,36,0,,,0.4440153355850412,0.0,0.0,0.0,0.3055555555555556,-0.6944444444444444,0,25,0,11
probit,2021-09-30,2024-08-31,36,0,,,0.4617563824169971,0.0,0.0,0.0,0.2777777777777778,-0.7222222222222222,0,26,0,10
probit,2021-10-31,2024-09-30,36,0,,,0.4794974292489531,0.0,0.0,0.0,0.25,-0.75,0,27,0,9
probit,2021-11-30,2024-10-31,36,0,,,0.497238476080909,0.0,0.0,0.0,0.2222222222222222,-0.7777777777777778,0,28,0,8
probit,2021-12-31,2024-11-30,36,0,,,0.5149795229128649,0.0,0.0,0.0,0.19444444444444445,-0.8055555555555556,0,29,0,7
probit,2022-01-31,2024-12-31,36,0,,,0.5174205104873114,0.0,0.0,0.0,0.19444444444444445,-0.8055555555555556,0,29,0,7
probit,2022-02-28,2025-01-31,36,0,,,0.5198465755719089,0.0,0.0,0.0,0.19444444444444445,-0.8055555555555556,0,29,0,7
probit,2022-03-31,2025-02-28,36,0,,,0.5278855928317053,0.0,0.0,0.0,0.16666666666666666,-0.8333333333333334,0,30,0,6
probit,2022-04-30,2025-03-31,36,0,,,0.5352005452464539,0.0,0.0,0.0,0.1388888888888889,-0.8611111111111112,0,31,0,5
random_forest,2014-03-31,2017-02-28,36,0,,,0.019674196328046782,0.0,0.0,0.0,1.0,0.0,0,0,0,36
random_forest,2014-04-30,2017-03-31,36,0,,,0.020722319280931642,0.0,0.0,0.0,1.0,0.0,0,0,0,36
random_forest,2014-05-31,2017-04-30,36,0,,,0.0217704422338165,0.0,0.0,0.0,1.0,0.0,0,0,0,36
random_forest,2014-06-30,2017-05-31,36,0,,,0.023186968532458867,0.0,0.0,0.0,1.0,0.0,0,0,0,36
random_forest,2014-07-31,2017-06-30,36,0,,,0.0240203018657922,0.0,0.0,0.0,1.0,0.0,0,0,0,36
random_forest,2014-08-31,2017-07-31,36,0,,,0.025693424818677053,0.0,0.0,0.0,1.0,0.0,0,0,0,36
random_forest,2014-09-30,2017-08-31,36,0,,,0.027308305271367277,0.0,0.0,0.0,1.0,0.0,0,0,0,36
random_forest,2014-10-31,2017-09-30,36,0,,,0.03036803021493398,0.0,0.0,0.0,1.0,0.0,0,0,0,36
random_forest,2014-11-30,2017-10-31,36,0,,,0.03187756522509231,0.0,0.0,0.0,1.0,0.0,0,0,0,36
random_forest,2014-12-31,2017-11-30,36,0,,,0.034003787913234454,0.0,0.0,0.0,1.0,0.0,0,0,0,36
random_forest,2015-01-31,2017-12-31,36,0,,,0.039291451332511634,0.0,0.0,0.0,0.9722222222222222,-0.02777777777777779,0,1,0,35
random_forest,2015-02-28,2018-01-31,36,0,,,0.042203831305076794,0.0,0.0,0.0,0.9722222222222222,-0.02777777777777779,0,1,0,35
random_forest,2015-03-31,2018-02-28,36,0,,,0.044282877944308616,0.0,0.0,0.0,0.9722222222222222,-0.02777777777777779,0,1,0,35
random_forest,2015-04-30,2018-03-31,36,0,,,0.048522418410700936,0.0,0.0,0.0,0.9444444444444444,-0.05555555555555558,0,2,0,34
random_forest,2015-05-31,2018-04-30,36,0,,,0.053266376311011346,0.0,0.0,0.0,0.9166666666666666,-0.08333333333333337,0,3,0,33
random_forest,2015-06-30,2018-05-31,36,0,,,0.05855403973028851,0.0,0.0,0.0,0.8888888888888888,-0.11111111111111116,0,4,0,32
random_forest,2015-07-31,2018-06-30,36,0,,,0.061893829349840036,0.0,0.0,0.0,0.8888888888888888,-0.11111111111111116,0,4,0,32
random_forest,2015-08-31,2018-07-31,36,0,,,0.06523361896939156,0.0,0.0,0.0,0.8888888888888888,-0.11111111111111116,0,4,0,32
random_forest,2015-09-30,2018-08-31,36,0,,,0.07052128238866873,0.0,0.0,0.0,0.8611111111111112,-0.13888888888888884,0,5,0,31
random_forest,2015-10-31,2018-09-30,36,1,0.9285714285714286,0.16666666666666666,0.07920400753634098,0.16666666666666666,1.0,0.2857142857142857,0.8571428571428571,0.8571428571428572,1,5,0,30
random_forest,2015-11-30,2018-10-31,36,2,0.9632352941176471,0.6428571428571428,0.0870846341097782,0.2857142857142857,1.0,0.4444444444444445,0.8529411764705882,0.8529411764705883,2,5,0,29
random_forest,2015-12-31,2018-11-30,36,3,0.9747474747474747,0.7916666666666666,0.09519102464977679,0.375,1.0,0.5454545454545454,0.8484848484848485,0.8484848484848486,3,5,0,28
random_forest,2016-01-31,2018-12-31,36,4,0.98046875,0.8611111111111112,0.1001312278456419,0.4444444444444444,1.0,0.6153846153846153,0.84375,0.84375,4,5,0,27
random_forest,2016-02-29,2019-01-31,36,5,0.9838709677419355,0.8999999999999999,0.10399028924543821,0.5,1.0,0.6666666666666666,0.8387096774193549,0.838709677419355,5,5,0,26
random_forest,2016-03-31,2019-02-28,36,6,0.9861111111111112,0.9242424242424242,0.11172201913048202,0.5454545454545454,1.0,0.7058823529411764,0.8333333333333334,0.8333333333333335,6,5,0,25
random_forest,2016-04-30,2019-03-31,36,7,0.9876847290640394,0.9404761904761905,0.11954480183489216,0.5833333333333334,1.0,0.7368421052631579,0.8275862068965517,0.8275862068965516,7,5,0,24
random_forest,2016-05-31,2019-04-30,36,8,0.9888392857142857,0.9519230769230769,0.12743640275533927,0.6153846153846154,1.0,0.761904761904762,0.8214285714285714,0.8214285714285714,8,5,0,23
random_forest,2016-06-30,2019-05-31,36,9,0.9897119341563786,0.9603174603174602,0.13524840883100497,0.6428571428571429,1.0,0.782608695652174,0.8148148148148148,0.8148148148148149,9,5,0,22
random_forest,2016-07-31,2019-06-30,36,10,0.9903846153846154,0.9666666666666667,0.14030328779500723,0.6666666666666666,1.0,0.8,0.8076923076923077,0.8076923076923077,10,5,0,21
random_forest,2016-08-31,2019-07-31,36,11,0.990909090909091,0.9715909090909091,0.14528250874288917,0.6875,1.0,0.8148148148148148,0.8,0.8,11,5,0,20
random_forest,2016-09-30,2019-08-31,36,12,0.9913194444444444,0.9754901960784316,0.1523009834449015,0.7058823529411765,1.0,0.8275862068965517,0.7916666666666666,0.7916666666666665,12,5,0,19
random_forest,2016-10-31,2019-09-30,36,13,0.9916387959866221,0.9786324786324783,0.15935925103201526,0.7222222222222222,1.0,0.8387096774193548,0.782608695652174,0.7826086956521738,13,5,0,18
random_forest,2016-11-30,2019-10-31,36,14,0.9918831168831169,0.981203007518797,0.16641751861912896,0.7368421052631579,1.0,0.8484848484848484,0.7727272727272727,0.7727272727272727,14,5,0,17
random_forest,2016-12-31,2019-11-30,36,15,0.9920634920634921,0.9833333333333332,0.1734757862062427,0.75,1.0,0.8571428571428571,0.7619047619047619,0.7619047619047619,15,5,0,16
random_forest,2017-01-31,2019-12-31,36,16,0.9921875,0.9851190476190477,0.18053405379335646,0.7619047619047619,1.0,0.8648648648648648,0.75,0.75,16,5,0,15
random_forest,2017-02-28,2020-01-31,36,17,0.9767801857585139,0.9726254138018843,0.18969045986706756,0.7619047619047619,0.9411764705882353,0.8421052631578947,0.7368421052631579,0.678018575851393,16,5,1,14
random_forest,2017-03-31,2020-02-29,36,18,0.9768518518518519,0.9752964426877472,0.1967487274541813,0.7727272727272727,0.9444444444444444,0.85,0.7222222222222222,0.6666666666666665,17,5,1,13
random_forest,2017-04-30,2020-03-31,36,19,0.976780185758514,0.9775934401220443,0.19816866706345326,0.782608695652174,0.9473684210526315,0.8571428571428571,0.7058823529411765,0.653250773993808,18,5,1,12
random_forest,2017-05-31,2020-04-30,36,19,0.9179566563467493,0.8516332497911445,0.21268255595234214,0.75,0.9473684210526315,0.8372093023255814,0.6470588235294118,0.5944272445820433,18,6,1,11
random_forest,2017-06-30,2020-05-31,36,19,0.8684210526315789,0.7962525071112329,0.21881909717700543,0.72,0.9473684210526315,0.8181818181818181,0.5882352941176471,0.5356037151702786,18,7,1,10
random_forest,2017-07-31,2020-06-30,36,19,0.8653250773993808,0.7948280056867315,0.22286687369502006,0.6923076923076923,0.9473684210526315,0.7999999999999999,0.5294117647058824,0.4767801857585139,18,8,1,9
random_forest,2017-08-31,2020-07-31,36,19,0.8653250773993808,0.7948280056867314,0.22230167237890297,0.6923076923076923,0.9473684210526315,0.7999999999999999,0.5294117647058824,0.4767801857585139,18,8,1,9
random_forest,2017-09-30,2020-08-31,36,19,0.8653250773993808,0.7948280056867314,0.22173647106278593,0.6923076923076923,0.9473684210526315,0.7999999999999999,0.5294117647058824,0.4767801857585139,18,8,1,9
random_forest,2017-10-31,2020-09-30,36,19,0.8653250773993808,0.7948280056867314,0.21971722310743702,0.6923076923076923,0.9473684210526315,0.7999999999999999,0.5294117647058824,0.4767801857585139,18,8,1,9
random_forest,2017-11-30,2020-10-31,36,19,0.8653250773993808,0.7948280056867314,0.2186511569154551,0.6923076923076923,0.9473684210526315,0.7999999999999999,0.5294117647058824,0.4767801857585139,18,8,1,9
random_forest,2017-12-31,2020-11-30,36,19,0.8653250773993808,0.7948280056867314,0.21697956875602153,0.6923076923076923,0.9473684210526315,0.7999999999999999,0.5294117647058824,0.4767801857585139,18,8,1,9
random_forest,2018-01-31,2020-12-31,36,19,0.869969040247678,0.7978314544796539,0.21214653986545298,0.72,0.9473684210526315,0.8181818181818181,0.5882352941176471,0.5356037151702786,18,7,1,10
random_forest,2018-02-28,2021-01-31,36,19,0.8699690402476781,0.7978314544796539,0.2094740048020449,0.72,0.9473684210526315,0.8181818181818181,0.5882352941176471,0.5356037151702786,18,7,1,10
random_forest,2018-03-31,2021-02-28,36,19,0.869969040247678,0.797831454479654,0.2068014697386368,0.72,0.9473684210526315,0.8181818181818181,0.5882352941176471,0.5356037151702786,18,7,1,10
random_forest,2018-04-30,2021-03-31,36,19,0.8746130030959752,0.8010861631577035,0.20145081816113367,0.75,0.9473684210526315,0.8372093023255814,0.6470588235294118,0.5944272445820433,18,6,1,11
random_forest,2018-05-31,2021-04-30,36,19,0.8792569659442725,0.8046250994311936,0.1961001665836305,0.782608695652174,0.9473684210526315,0.8571428571428571,0.7058823529411765,0.653250773993808,18,5,1,12
random_forest,2018-06-30,2021-05-31,36,19,0.8839009287925697,0.8084872746320415,0.19074951500612733,0.8181818181818182,0.9473684210526315,0.8780487804878049,0.7647058823529411,0.7120743034055725,18,4,1,13
random_forest,2018-07-31,2021-06-30,36,19,0.8839009287925697,0.8084872746320415,0.18734673722834982,0.8181818181818182,0.9473684210526315,0.8780487804878049,0.7647058823529411,0.7120743034055725,18,4,1,13
random_forest,2018-08-31,2021-07-31,36,19,0.8839009287925697,0.8084872746320415,0.18400694760879832,0.8181818181818182,0.9473684210526315,0.8780487804878049,0.7647058823529411,0.7120743034055725,18,4,1,13
random_forest,2018-09-30,2021-08-31,36,19,0.8885448916408668,0.8127191983147661,0.17871928418952115,0.8571428571428571,0.9473684210526315,0.9,0.8235294117647058,0.7708978328173375,18,3,1,14
random_forest,2018-10-31,2021-09-30,36,18,0.8950617283950617,0.8075095145270584,0.17025134866140046,0.85,0.9444444444444444,0.8947368421052632,0.8333333333333334,0.7777777777777777,17,3,1,15
random_forest,2018-11-30,2021-10-31,36,17,0.9009287925696594,0.8044351073762838,0.16237072208796322,0.8421052631578947,0.9411764705882353,0.8888888888888888,0.8421052631578947,0.78328173374613,16,3,1,16
random_forest,2018-12-31,2021-11-30,36,16,0.90625,0.7953953511229053,0.15447912116751614,0.8333333333333334,0.9375,0.8823529411764706,0.85,0.7875000000000001,15,3,1,17
random_forest,2019-01-31,2021-12-31,36,15,0.9079365079365079,0.7820634920634921,0.14953891797165103,0.8235294117647058,0.9333333333333333,0.8749999999999999,0.8571428571428571,0.7904761904761903,14,3,1,18
random_forest,2019-02-28,2022-01-31,36,14,0.9090909090909091,0.7669867947178872,0.14589464619140624,0.8125,0.9285714285714286,0.8666666666666666,0.8636363636363636,0.7922077922077921,13,3,1,19
random_forest,2019-03-31,2022-02-28,36,13,0.9130434782608696,0.7643315018315018,0.13816291630636243,0.8,0.9230769230769231,0.8571428571428571,0.8695652173913043,0.7926421404682276,12,3,1,20
random_forest,2019-04-30,2022-03-31,36,12,0.9166666666666666,0.764102564102564,0.13117346693528562,0.7857142857142857,0.9166666666666666,0.8461538461538461,0.875,0.7916666666666665,11,3,1,21
random_forest,2019-05-31,2022-04-30,36,11,0.9199999999999999,0.7471861471861473,0.12532233240715673,0.7692307692307693,0.9090909090909091,0.8333333333333333,0.88,0.7890909090909091,10,3,1,22
random_forest,2019-06-30,2022-05-31,36,10,0.923076923076923,0.7496503496503496,0.12027158971106038,0.75,0.9,0.8181818181818182,0.8846153846153846,0.7846153846153845,9,3,1,23
random_forest,2019-07-31,2022-06-30,36,9,0.9218106995884774,0.7547008547008548,0.11789906722063935,0.6666666666666666,0.8888888888888888,0.761904761904762,0.8518518518518519,0.7407407407407407,8,4,1,23
random_forest,2019-08-31,2022-07-31,36,8,0.8928571428571429,0.6644230769230768,0.12270036753476016,0.5833333333333334,0.875,0.7000000000000001,0.8214285714285714,0.6964285714285714,7,5,1,23
random_forest,2019-09-30,2022-08-31,36,7,0.8620689655172413,0.553113553113553,0.13230876661431312,0.5,0.8571428571428571,0.631578947368421,0.7931034482758621,0.6502463054187193,6,6,1,23
random_forest,2019-10-31,2022-09-30,36,6,0.8333333333333334,0.451923076923077,0.14191716569386603,0.4166666666666667,0.8333333333333334,0.5555555555555556,0.7666666666666667,0.6000000000000001,5,7,1,23
random_forest,2019-11-30,2022-10-31,36,5,0.8064516129032258,0.35692307692307695,0.151525564773419,0.3333333333333333,0.8,0.47058823529411764,0.7419354838709677,0.5419354838709678,4,8,1,23
random_forest,2019-12-31,2022-11-30,36,4,0.78125,0.2685897435897436,0.16113396385297188,0.25,0.75,0.375,0.71875,0.46875,3,9,1,23
random_forest,2020-01-31,2022-12-31,36,3,0.7575757575757576,0.19120879120879122,0.17074236293252484,0.16666666666666666,0.6666666666666666,0.26666666666666666,0.696969696969697,0.36363636363636376,2,10,1,23
random_forest,2020-02-29,2023-01-31,36,2,0.7647058823529412,0.1534090909090909,0.1782526235254804,0.15384615384615385,1.0,0.2666666666666667,0.6764705882352942,0.6764705882352942,2,11,0,23
random_forest,2020-03-31,2023-02-28,36,1,0.7714285714285715,0.1111111111111111,0.18786102260503335,0.07692307692307693,1.0,0.14285714285714288,0.6571428571428571,0.657142857142857,1,12,0,23
random_forest,2020-04-30,2023-03-31,36,0,,,0.20310774966242803,0.0,0.0,0.0,0.6388888888888888,-0.36111111111111116,0,13,0,23
random_forest,2020-05-31,2023-04-30,36,0,,,0.20526052744020584,0.0,0.0,0.0,0.6388888888888888,-0.36111111111111116,0,13,0,23
random_forest,2020-06-30,2023-05-31,36,0,,,0.21520745991690024,0.0,0.0,0.0,0.6388888888888888,-0.36111111111111116,0,13,0,23
random_forest,2020-07-31,2023-06-30,36,0,,,0.22782635006555227,0.0,0.0,0.0,0.6388888888888888,-0.36111111111111116,0,13,0,23
random_forest,2020-08-31,2023-07-31,36,0,,,0.24443321804833604,0.0,0.0,0.0,0.6111111111111112,-0.38888888888888884,0,14,0,22
random_forest,2020-09-30,2023-08-31,36,0,,,0.25820057985828027,0.0,0.0,0.0,0.5833333333333334,-0.41666666666666663,0,15,0,21
random_forest,2020-10-31,2023-09-30,36,0,,,0.2719679416682245,0.0,0.0,0.0,0.5555555555555556,-0.4444444444444444,0,16,0,20
random_forest,2020-11-30,2023-10-31,36,0,,,0.2862361683540336,0.0,0.0,0.0,0.5277777777777778,-0.4722222222222222,0,17,0,19
random_forest,2020-12-31,2023-11-30,36,0,,,0.30023541898381595,0.0,0.0,0.0,0.5,-0.5,0,18,0,18
random_forest,2021-01-31,2023-12-31,36,0,,,0.3108597716055231,0.0,0.0,0.0,0.4722222222222222,-0.5277777777777778,0,19,0,17
random_forest,2021-02-28,2024-01-31,36,0,,,0.3169692980160707,0.0,0.0,0.0,0.4444444444444444,-0.5555555555555556,0,20,0,16
random_forest,2021-03-31,2024-02-29,36,0,,,0.32691847320528994,0.0,0.0,0.0,0.4166666666666667,-0.5833333333333333,0,21,0,15
random_forest,2021-04-30,2024-03-31,36,0,,,0.33868985257195494,0.0,0.0,0.0,0.3888888888888889,-0.6111111111111112,0,22,0,14
random_forest,2021-05-31,2024-04-30,36,0,,,0.34996806675301234,0.0,0.0,0.0,0.3611111111111111,-0.6388888888888888,0,23,0,13
random_forest,2021-06-30,2024-05-31,36,0,,,0.3636990848889623,0.0,0.0,0.0,0.3333333333333333,-0.6666666666666667,0,24,0,12
random_forest,2021-07-31,2024-06-30,36,0,,,0.37823732989822667,0.0,0.0,0.0,0.3055555555555556,-0.6944444444444444,0,25,0,11
random_forest,2021-08-31,2024-07-31,36,0,,,0.39266104219033693,0.0,0.0,0.0,0.2777777777777778,-0.7222222222222222,0,26,0,10
random_forest,2021-09-30,2024-08-31,36,0,,,0.4029297437568293,0.0,0.0,0.0,0.25,-0.75,0,27,0,9
random_forest,2021-10-31,2024-09-30,36,0,,,0.41164872395812924,0.0,0.0,0.0,0.2222222222222222,-0.7777777777777778,0,28,0,8
random_forest,2021-11-30,2024-10-31,36,0,,,0.42251292148899344,0.0,0.0,0.0,0.19444444444444445,-0.8055555555555556,0,29,0,7
random_forest,2021-12-31,2024-11-30,36,0,,,0.43203751764720516,0.0,0.0,0.0,0.16666666666666666,-0.8333333333333334,0,30,0,6
random_forest,2022-01-31,2024-12-31,36,0,,,0.43879654155060144,0.0,0.0,0.0,0.1388888888888889,-0.8611111111111112,0,31,0,5
random_forest,2022-02-28,2025-01-31,36,0,,,0.44433771512062115,0.0,0.0,0.0,0.1111111111111111,-0.8888888888888888,0,32,0,4
random_forest,2022-03-31,2025-02-28,36,0,,,0.451755396387848,0.0,0.0,0.0,0.08333333333333333,-0.9166666666666666,0,33,0,3
random_forest,2022-04-30,2025-03-31,36,0,,,0.45749443551477914,0.0,0.0,0.0,0.05555555555555555,-0.9444444444444444,0,34,0,2
xgboost,2014-03-31,2017-02-28,36,0,,,0.030526151594547937,0.0,0.0,0.0,1.0,0.0,0,0,0,36
xgboost,2014-04-30,2017-03-31,36,0,,,0.03231845276375544,0.0,0.0,0.0,1.0,0.0,0,0,0,36
xgboost,2014-05-31,2017-04-30,36,0,,,0.034022909525721616,0.0,0.0,0.0,1.0,0.0,0,0,0,36
xgboost,2014-06-30,2017-05-31,36,0,,,0.03568502364737117,0.0,0.0,0.0,1.0,0.0,0,0,0,36
xgboost,2014-07-31,2017-06-30,36,0,,,0.0372677885753037,0.0,0.0,0.0,1.0,0.0,0,0,0,36
xgboost,2014-08-31,2017-07-31,36,0,,,0.038929902696953254,0.0,0.0,0.0,1.0,0.0,0,0,0,36
xgboost,2014-09-30,2017-08-31,36,0,,,0.040592016818602805,0.0,0.0,0.0,1.0,0.0,0,0,0,36
xgboost,2014-10-31,2017-09-30,36,0,,,0.042493328500550945,0.0,0.0,0.0,1.0,0.0,0,0,0,36
xgboost,2014-11-30,2017-10-31,36,0,,,0.04454556610036735,0.0,0.0,0.0,1.0,0.0,0,0,0,36
xgboost,2014-12-31,2017-11-30,36,0,,,0.04659780370018375,0.0,0.0,0.0,1.0,0.0,0,0,0,36
xgboost,2015-01-31,2017-12-31,36,0,,,0.048650041300000155,0.0,0.0,0.0,1.0,0.0,0,0,0,36
xgboost,2015-02-28,2018-01-31,36,0,,,0.050455136331424524,0.0,0.0,0.0,1.0,0.0,0,0,0,36
xgboost,2015-03-31,2018-02-28,36,0,,,0.05065956698698171,0.0,0.0,0.0,1.0,0.0,0,0,0,36
xgboost,2015-04-30,2018-03-31,36,0,,,0.05086399764253889,0.0,0.0,0.0,1.0,0.0,0,0,0,36
xgboost,2015-05-31,2018-04-30,36,0,,,0.052276312723439036,0.0,0.0,0.0,1.0,0.0,0,0,0,36
xgboost,2015-06-30,2018-05-31,36,0,,,0.05493633803997658,0.0,0.0,0.0,1.0,0.0,0,0,0,36
xgboost,2015-07-31,2018-06-30,36,0,,,0.05735674673822639,0.0,0.0,0.0,1.0,0.0,0,0,0,36
xgboost,2015-08-31,2018-07-31,36,0,,,0.05949166160057737,0.0,0.0,0.0,1.0,0.0,0,0,0,36
xgboost,2015-09-30,2018-08-31,36,0,,,0.06204379344480753,0.0,0.0,0.0,1.0,0.0,0,0,0,36
xgboost,2015-10-31,2018-09-30,36,1,0.9428571428571428,0.25,0.07442262412443805,0.0,0.0,0.0,1.0,0.0,0,0,1,35
xgboost,2015-11-30,2018-10-31,36,2,0.9411764705882353,0.4,0.08680145480406859,0.0,0.0,0.0,1.0,0.0,0,0,2,34
xgboost,2015-12-31,2018-11-30,36,3,0.9393939393939393,0.5,0.0991802854836991,0.0,0.0,0.0,1.0,0.0,0,0,3,33
xgboost,2016-01-31,2018-12-31,36,4,0.953125,0.6785714285714286,0.10958254487216153,0.0,0.0,0.0,1.0,0.0,0,0,4,32
xgboost,2016-02-29,2019-01-31,36,5,0.9483870967741935,0.7,0.12187219974106342,0.0,0.0,0.0,1.0,0.0,0,0,5,31
xgboost,2016-03-31,2019-02-28,36,6,0.9444444444444444,0.7222222222222222,0.13416185460996533,0.0,0.0,0.0,1.0,0.0,0,0,6,30
xgboost,2016-04-30,2019-03-31,36,7,0.9507389162561576,0.7857142857142857,0.145312466562229,0.0,0.0,0.0,1.0,0.0,0,0,7,29
xgboost,2016-05-31,2019-04-30,36,8,0.9553571428571429,0.8295454545454546,0.15326524906249472,1.0,0.125,0.2222222222222222,1.0,0.125,1,0,7,28
xgboost,2016-06-30,2019-05-31,36,9,0.9588477366255144,0.8611111111111112,0.15914703009882425,1.0,0.2222222222222222,0.3636363636363636,1.0,0.22222222222222232,2,0,7,27
xgboost,2016-07-31,2019-06-30,36,10,0.9807692307692308,0.9166666666666667,0.16390614715776514,1.0,0.3,0.4615384615384615,1.0,0.30000000000000004,3,0,7,26
xgboost,2016-08-31,2019-07-31,36,11,0.9818181818181819,0.93006993006993,0.1728960933930811,1.0,0.2727272727272727,0.42857142857142855,1.0,0.2727272727272727,3,0,8,25
xgboost,2016-09-30,2019-08-31,36,12,0.9791666666666666,0.9285714285714285,0.1835146118301399,1.0,0.25,0.4,1.0,0.25,3,0,9,24
xgboost,2016-10-31,2019-09-30,36,13,0.9765886287625418,0.9282051282051282,0.1942785006514217,1.0,0.23076923076923078,0.375,1.0,0.23076923076923084,3,0,10,23
xgboost,2016-11-30,2019-10-31,36,14,0.974025974025974,0.9285714285714284,0.20499884249978959,1.0,0.21428571428571427,0.35294117647058826,1.0,0.2142857142857142,3,0,11,22
xgboost,2016-12-31,2019-11-30,36,15,0.9746031746031746,0.9372549019607843,0.21197942873912742,1.0,0.26666666666666666,0.4210526315789474,1.0,0.2666666666666666,4,0,11,21
xgboost,2017-01-31,2019-12-31,36,16,0.975,0.9444444444444444,0.21881666479617223,1.0,0.3125,0.47619047619047616,1.0,0.3125,5,0,11,20
xgboost,2017-02-28,2020-01-31,36,17,0.9752321981424149,0.9504643962848297,0.22689486086245145,1.0,0.29411764705882354,0.45454545454545453,1.0,0.2941176470588236,5,0,12,19
xgboost,2017-03-31,2020-02-29,36,18,0.9753086419753086,0.9555555555555555,0.23089021659799355,1.0,0.3333333333333333,0.5,1.0,0.33333333333333326,6,0,12,18
xgboost,2017-04-30,2020-03-31,36,19,0.9752321981424149,0.9598997493734336,0.23305031165707504,1.0,0.3684210526315789,0.5384615384615384,1.0,0.368421052631579,7,0,12,17
xgboost,2017-05-31,2020-04-30,36,19,0.9164086687306502,0.8354598617756511,0.24842038375973427,0.875,0.3684210526315789,0.5185185185185185,0.9411764705882353,0.30959752321981426,7,1,12,16
xgboost,2017-06-30,2020-05-31,36,19,0.8606811145510836,0.7636599606851323,0.25513640579607416,0.7777777777777778,0.3684210526315789,0.5,0.8823529411764706,0.25077399380804954,7,2,12,15
xgboost,2017-07-31,2020-06-30,36,19,0.8235294117647058,0.7351960904592484,0.2585156449299385,0.7,0.3684210526315789,0.48275862068965514,0.8235294117647058,0.19195046439628483,7,3,12,14
xgboost,2017-08-31,2020-07-31,36,19,0.8235294117647058,0.7351960904592483,0.25838052655699706,0.7,0.3684210526315789,0.48275862068965514,0.8235294117647058,0.19195046439628483,7,3,12,14
xgboost,2017-09-30,2020-08-31,36,19,0.8235294117647058,0.7351960904592483,0.25777351994941106,0.7,0.3684210526315789,0.48275862068965514,0.8235294117647058,0.19195046439628483,7,3,12,14
xgboost,2017-10-31,2020-09-30,36,19,0.8235294117647058,0.7351960904592483,0.2567222910703403,0.7,0.3684210526315789,0.48275862068965514,0.8235294117647058,0.19195046439628483,7,3,12,14
xgboost,2017-11-30,2020-10-31,36,19,0.823529411764706,0.7351960904592483,0.25552275638763405,0.7,0.3684210526315789,0.48275862068965514,0.8235294117647058,0.19195046439628483,7,3,12,14
xgboost,2017-12-31,2020-11-30,36,19,0.8235294117647058,0.7351960904592483,0.2541831332926392,0.7,0.3684210526315789,0.48275862068965514,0.8235294117647058,0.19195046439628483,7,3,12,14
xgboost,2018-01-31,2020-12-31,36,19,0.8235294117647058,0.7351960904592484,0.25269541181330957,0.7,0.3684210526315789,0.48275862068965514,0.8235294117647058,0.19195046439628483,7,3,12,14
xgboost,2018-02-28,2021-01-31,36,19,0.8235294117647058,0.7351960904592483,0.25135861625184824,0.7,0.3684210526315789,0.48275862068965514,0.8235294117647058,0.19195046439628483,7,3,12,14
xgboost,2018-03-31,2021-02-28,36,19,0.8235294117647058,0.7351960904592484,0.24951919226783076,0.7,0.3684210526315789,0.48275862068965514,0.8235294117647058,0.19195046439628483,7,3,12,14
xgboost,2018-04-30,2021-03-31,36,19,0.8235294117647058,0.7351960904592484,0.24756317131853814,0.7,0.3684210526315789,0.48275862068965514,0.8235294117647058,0.19195046439628483,7,3,12,14
xgboost,2018-05-31,2021-04-30,36,19,0.8359133126934984,0.7496888440824369,0.24461872685091407,0.7,0.3684210526315789,0.48275862068965514,0.8235294117647058,0.19195046439628483,7,3,12,14
xgboost,2018-06-30,2021-05-31,36,19,0.848297213622291,0.7654991207622788,0.24182474293479517,0.7,0.3684210526315789,0.48275862068965514,0.8235294117647058,0.19195046439628483,7,3,12,14
xgboost,2018-07-31,2021-06-30,36,19,0.8482972136222909,0.7654991207622788,0.23920946273888172,0.7,0.3684210526315789,0.48275862068965514,0.8235294117647058,0.19195046439628483,7,3,12,14
xgboost,2018-08-31,2021-07-31,36,19,0.848297213622291,0.7654991207622788,0.2370980754266617,0.7,0.3684210526315789,0.48275862068965514,0.8235294117647058,0.19195046439628483,7,3,12,14
xgboost,2018-09-30,2021-08-31,36,19,0.848297213622291,0.7654991207622788,0.2361561671161922,0.7,0.3684210526315789,0.48275862068965514,0.8235294117647058,0.19195046439628483,7,3,12,14
xgboost,2018-10-31,2021-09-30,36,18,0.8580246913580247,0.757521799188466,0.2254841439414444,0.7,0.3888888888888889,0.5,0.8333333333333334,0.22222222222222232,7,3,11,15
xgboost,2018-11-30,2021-10-31,36,17,0.8668730650154799,0.7491407285524933,0.21481212076669667,0.7,0.4117647058823529,0.5185185185185185,0.8421052631578947,0.2538699690402475,7,3,10,16
xgboost,2018-12-31,2021-11-30,36,16,0.875,0.7403699188238662,0.2041400975919489,0.7,0.4375,0.5384615384615384,0.85,0.2875000000000001,7,3,9,17
xgboost,2019-01-31,2021-12-31,36,15,0.8825396825396825,0.7344229844229844,0.1953554698976406,0.7,0.4666666666666667,0.56,0.8571428571428571,0.32380952380952377,7,3,8,18
xgboost,2019-02-28,2022-01-31,36,14,0.8896103896103895,0.7245568390526373,0.18468344672289283,0.7,0.5,0.5833333333333334,0.8636363636363636,0.36363636363636376,7,3,7,19
xgboost,2019-03-31,2022-02-28,36,13,0.8963210702341138,0.7143983153598539,0.17401142354814506,0.7,0.5384615384615384,0.608695652173913,0.8695652173913043,0.40802675585284276,7,3,6,20
xgboost,2019-04-30,2022-03-31,36,12,0.9027777777777778,0.7067039442039442,0.1645903374513661,0.7,0.5833333333333334,0.6363636363636365,0.875,0.4583333333333335,7,3,5,21
xgboost,2019-05-31,2022-04-30,36,11,0.9054545454545454,0.6925226288862653,0.15870045110148684,0.6666666666666666,0.5454545454545454,0.6,0.88,0.4254545454545453,6,3,5,22
xgboost,2019-06-30,2022-05-31,36,10,0.8923076923076922,0.6474458874458875,0.15479947488823753,0.625,0.5,0.5555555555555556,0.8846153846153846,0.3846153846153846,5,3,5,23
xgboost,2019-07-31,2022-06-30,36,9,0.8765432098765432,0.6035954785954787,0.1511876224102328,0.5714285714285714,0.4444444444444444,0.5,0.8888888888888888,0.33333333333333326,4,3,5,24
xgboost,2019-08-31,2022-07-31,36,8,0.8616071428571429,0.5515873015873016,0.1466421206193613,0.5,0.5,0.5,0.8571428571428571,0.3571428571428572,4,4,4,24
xgboost,2019-09-30,2022-08-31,36,7,0.8423645320197044,0.46190476190476193,0.1471095178060613,0.4444444444444444,0.5714285714285714,0.5,0.8275862068965517,0.3990147783251232,4,5,3,24
xgboost,2019-10-31,2022-09-30,36,6,0.8277777777777778,0.39255651755651755,0.15166421655167966,0.4,0.6666666666666666,0.5,0.8,0.4666666666666668,4,6,2,24
xgboost,2019-11-30,2022-10-31,36,5,0.8193548387096774,0.3404761904761905,0.15621891529729806,0.36363636363636365,0.8,0.5000000000000001,0.7741935483870968,0.5741935483870968,4,7,1,24
xgboost,2019-12-31,2022-11-30,36,4,0.796875,0.26249999999999996,0.1652376530843103,0.2727272727272727,0.75,0.39999999999999997,0.75,0.5,3,8,1,24
xgboost,2020-01-31,2022-12-31,36,3,0.7777777777777778,0.20502645502645503,0.1742563908713225,0.18181818181818182,0.6666666666666666,0.28571428571428575,0.7272727272727273,0.39393939393939403,2,9,1,24
xgboost,2020-02-29,2023-01-31,36,2,0.7794117647058824,0.1625,0.18203416864910027,0.16666666666666666,1.0,0.2857142857142857,0.7058823529411765,0.7058823529411766,2,10,0,24
xgboost,2020-03-31,2023-02-28,36,1,0.7714285714285715,0.1111111111111111,0.19389478675761518,0.08333333333333333,1.0,0.15384615384615385,0.6857142857142857,0.6857142857142857,1,11,0,24
xgboost,2020-04-30,2023-03-31,36,0,,,0.20759066554259067,0.0,0.0,0.0,0.6666666666666666,-0.33333333333333337,0,12,0,24
xgboost,2020-05-31,2023-04-30,36,0,,,0.20821991746628157,0.0,0.0,0.0,0.6666666666666666,-0.33333333333333337,0,12,0,24
xgboost,2020-06-30,2023-05-31,36,0,,,0.2175455620966083,0.0,0.0,0.0,0.6666666666666666,-0.33333333333333337,0,12,0,24
xgboost,2020-07-31,2023-06-30,36,0,,,0.22965808689943681,0.0,0.0,0.0,0.6666666666666666,-0.33333333333333337,0,12,0,24
xgboost,2020-08-31,2023-07-31,36,0,,,0.245205620015354,0.0,0.0,0.0,0.6388888888888888,-0.36111111111111116,0,13,0,23
xgboost,2020-09-30,2023-08-31,36,0,,,0.26122504136591584,0.0,0.0,0.0,0.6111111111111112,-0.38888888888888884,0,14,0,22
xgboost,2020-10-31,2023-09-30,36,0,,,0.27744948742766384,0.0,0.0,0.0,0.5833333333333334,-0.41666666666666663,0,15,0,21
xgboost,2020-11-30,2023-10-31,36,0,,,0.2910903048053607,0.0,0.0,0.0,0.5555555555555556,-0.4444444444444444,0,16,0,20
xgboost,2020-12-31,2023-11-30,36,0,,,0.30487121059534633,0.0,0.0,0.0,0.5277777777777778,-0.4722222222222222,0,17,0,19
xgboost,2021-01-31,2023-12-31,36,0,,,0.30957293426113675,0.0,0.0,0.0,0.5,-0.5,0,18,0,18
xgboost,2021-02-28,2024-01-31,36,0,,,0.3144539949173024,0.0,0.0,0.0,0.4722222222222222,-0.5277777777777778,0,19,0,17
xgboost,2021-03-31,2024-02-29,36,0,,,0.3213860921424625,0.0,0.0,0.0,0.4444444444444444,-0.5555555555555556,0,20,0,16
xgboost,2021-04-30,2024-03-31,36,0,,,0.32843478633289774,0.0,0.0,0.0,0.4166666666666667,-0.5833333333333333,0,21,0,15
xgboost,2021-05-31,2024-04-30,36,0,,,0.3356339410748381,0.0,0.0,0.0,0.3888888888888889,-0.6111111111111112,0,22,0,14
xgboost,2021-06-30,2024-05-31,36,0,,,0.34474815323836233,0.0,0.0,0.0,0.3611111111111111,-0.6388888888888888,0,23,0,13
xgboost,2021-07-31,2024-06-30,36,0,,,0.35818312387158513,0.0,0.0,0.0,0.3333333333333333,-0.6666666666666667,0,24,0,12
xgboost,2021-08-31,2024-07-31,36,0,,,0.3717609415878647,0.0,0.0,0.0,0.3055555555555556,-0.6944444444444444,0,25,0,11
xgboost,2021-09-30,2024-08-31,36,0,,,0.3764977901150216,0.0,0.0,0.0,0.2777777777777778,-0.7222222222222222,0,26,0,10
xgboost,2021-10-31,2024-09-30,36,0,,,0.37969848116583793,0.0,0.0,0.0,0.25,-0.75,0,27,0,9
xgboost,2021-11-30,2024-10-31,36,0,,,0.38547764604207324,0.0,0.0,0.0,0.2222222222222222,-0.7777777777777778,0,28,0,8
xgboost,2021-12-31,2024-11-30,36,0,,,0.38995194268317124,0.0,0.0,0.0,0.19444444444444445,-0.8055555555555556,0,29,0,7
xgboost,2022-01-31,2024-12-31,36,0,,,0.3949661371362898,0.0,0.0,0.0,0.16666666666666666,-0.8333333333333334,0,30,0,6
xgboost,2022-02-28,2025-01-31,36,0,,,0.39880179417604,0.0,0.0,0.0,0.1388888888888889,-0.8611111111111112,0,31,0,5
xgboost,2022-03-31,2025-02-28,36,0,,,0.40296280307775667,0.0,0.0,0.0,0.1111111111111111,-0.8888888888888888,0,32,0,4
xgboost,2022-04-30,2025-03-31,36,0,,,0.4068406872778213,0.0,0.0,0.0,0.08333333333333333,-0.9166666666666666,0,33,0,3
markov_switching,2014-03-31,2017-02-28,36,0,,,0.25,0.0,0.0,0.0,0.0,-1.0,0,36,0,0
markov_switching,2014-04-30,2017-03-31,36,0,,,0.25,0.0,0.0,0.0,0.0,-1.0,0,36,0,0
markov_switching,2014-05-31,2017-04-30,36,0,,,0.25,0.0,0.0,0.0,0.0,-1.0,0,36,0,0
markov_switching,2014-06-30,2017-05-31,36,0,,,0.25,0.0,0.0,0.0,0.0,-1.0,0,36,0,0
markov_switching,2014-07-31,2017-06-30,36,0,,,0.25,0.0,0.0,0.0,0.0,-1.0,0,36,0,0
markov_switching,2014-08-31,2017-07-31,36,0,,,0.25,0.0,0.0,0.0,0.0,-1.0,0,36,0,0
markov_switching,2014-09-30,2017-08-31,36,0,,,0.25,0.0,0.0,0.0,0.0,-1.0,0,36,0,0
markov_switching,2014-10-31,2017-09-30,36,0,,,0.25,0.0,0.0,0.0,0.0,-1.0,0,36,0,0
markov_switching,2014-11-30,2017-10-31,36,0,,,0.25,0.0,0.0,0.0,0.0,-1.0,0,36,0,0
markov_switching,2014-12-31,2017-11-30,36,0,,,0.25,0.0,0.0,0.0,0.0,-1.0,0,36,0,0
markov_switching,2015-01-31,2017-12-31,36,0,,,0.25,0.0,0.0,0.0,0.0,-1.0,0,36,0,0
markov_switching,2015-02-28,2018-01-31,36,0,,,0.25,0.0,0.0,0.0,0.0,-1.0,0,36,0,0
markov_switching,2015-03-31,2018-02-28,36,0,,,0.25,0.0,0.0,0.0,0.0,-1.0,0,36,0,0
markov_switching,2015-04-30,2018-03-31,36,0,,,0.25,0.0,0.0,0.0,0.0,-1.0,0,36,0,0
markov_switching,2015-05-31,2018-04-30,36,0,,,0.25,0.0,0.0,0.0,0.0,-1.0,0,36,0,0
markov_switching,2015-06-30,2018-05-31,36,0,,,0.25,0.0,0.0,0.0,0.0,-1.0,0,36,0,0
markov_switching,2015-07-31,2018-06-30,36,0,,,0.25,0.0,0.0,0.0,0.0,-1.0,0,36,0,0
markov_switching,2015-08-31,2018-07-31,36,0,,,0.25,0.0,0.0,0.0,0.0,-1.0,0,36,0,0
markov_switching,2015-09-30,2018-08-31,36,0,,,0.25,0.0,0.0,0.0,0.0,-1.0,0,36,0,0
markov_switching,2015-10-31,2018-09-30,36,1,0.5,0.027777777777777776,0.25,0.027777777777777776,1.0,0.05405405405405406,0.0,0.0,1,35,0,0
markov_switching,2015-11-30,2018-10-31,36,2,0.5,0.05555555555555555,0.25,0.05555555555555555,1.0,0.10526315789473684,0.0,0.0,2,34,0,0
markov_switching,2015-12-31,2018-11-30,36,3,0.5,0.08333333333333333,0.25,0.08333333333333333,1.0,0.15384615384615385,0.0,0.0,3,33,0,0
markov_switching,2016-01-31,2018-12-31,36,4,0.5,0.1111111111111111,0.25,0.1111111111111111,1.0,0.19999999999999998,0.0,0.0,4,32,0,0
markov_switching,2016-02-29,2019-01-31,36,5,0.5,0.1388888888888889,0.25,0.1388888888888889,1.0,0.24390243902439027,0.0,0.0,5,31,0,0
markov_switching,2016-03-31,2019-02-28,36,6,0.5,0.16666666666666666,0.25,0.16666666666666666,1.0,0.2857142857142857,0.0,0.0,6,30,0,0
markov_switching,2016-04-30,2019-03-31,36,7,0.5,0.19444444444444445,0.25,0.19444444444444445,1.0,0.32558139534883723,0.0,0.0,7,29,0,0
markov_switching,2016-05-31,2019-04-30,36,8,0.5,0.2222222222222222,0.25,0.2222222222222222,1.0,0.3636363636363636,0.0,0.0,8,28,0,0
markov_switching,2016-06-30,2019-05-31,36,9,0.5,0.25,0.25,0.25,1.0,0.4,0.0,0.0,9,27,0,0
markov_switching,2016-07-31,2019-06-30,36,10,0.5,0.2777777777777778,0.25,0.2777777777777778,1.0,0.4347826086956522,0.0,0.0,10,26,0,0
markov_switching,2016-08-31,2019-07-31,36,11,0.5,0.3055555555555556,0.25,0.3055555555555556,1.0,0.46808510638297873,0.0,0.0,11,25,0,0
markov_switching,2016-09-30,2019-08-31,36,12,0.5,0.3333333333333333,0.25,0.3333333333333333,1.0,0.5,0.0,0.0,12,24,0,0
markov_switching,2016-10-31,2019-09-30,36,13,0.5,0.3611111111111111,0.25,0.3611111111111111,1.0,0.5306122448979591,0.0,0.0,13,23,0,0
markov_switching,2016-11-30,2019-10-31,36,14,0.5,0.3888888888888889,0.25,0.3888888888888889,1.0,0.56,0.0,0.0,14,22,0,0
markov_switching,2016-12-31,2019-11-30,36,15,0.5,0.4166666666666667,0.25,0.4166666666666667,1.0,0.5882352941176471,0.0,0.0,15,21,0,0
markov_switching,2017-01-31,2019-12-31,36,16,0.5,0.4444444444444444,0.25,0.4444444444444444,1.0,0.6153846153846153,0.0,0.0,16,20,0,0
markov_switching,2017-02-28,2020-01-31,36,17,0.5,0.4722222222222222,0.25,0.4722222222222222,1.0,0.6415094339622641,0.0,0.0,17,19,0,0
markov_switching,2017-03-31,2020-02-29,36,18,0.5,0.5,0.25,0.5,1.0,0.6666666666666666,0.0,0.0,18,18,0,0
markov_switching,2017-04-30,2020-03-31,36,19,0.5,0.5277777777777778,0.25,0.5277777777777778,1.0,0.6909090909090909,0.0,0.0,19,17,0,0
markov_switching,2017-05-31,2020-04-30,36,19,0.5,0.5277777777777778,0.25,0.5277777777777778,1.0,0.6909090909090909,0.0,0.0,19,17,0,0
markov_switching,2017-06-30,2020-05-31,36,19,0.5,0.5277777777777778,0.25,0.5277777777777778,1.0,0.6909090909090909,0.0,0.0,19,17,0,0
markov_switching,2017-07-31,2020-06-30,36,19,0.5,0.5277777777777778,0.25,0.5277777777777778,1.0,0.6909090909090909,0.0,0.0,19,17,0,0
markov_switching,2017-08-31,2020-07-31,36,19,0.5,0.5277777777777778,0.25,0.5277777777777778,1.0,0.6909090909090909,0.0,0.0,19,17,0,0
markov_switching,2017-09-30,2020-08-31,36,19,0.5,0.5277777777777778,0.25,0.5277777777777778,1.0,0.6909090909090909,0.0,0.0,19,17,0,0
markov_switching,2017-10-31,2020-09-30,36,19,0.5,0.5277777777777778,0.25,0.5277777777777778,1.0,0.6909090909090909,0.0,0.0,19,17,0,0
markov_switching,2017-11-30,2020-10-31,36,19,0.5,0.5277777777777778,0.25,0.5277777777777778,1.0,0.6909090909090909,0.0,0.0,19,17,0,0
markov_switching,2017-12-31,2020-11-30,36,19,0.5,0.5277777777777778,0.25,0.5277777777777778,1.0,0.6909090909090909,0.0,0.0,19,17,0,0
markov_switching,2018-01-31,2020-12-31,36,19,0.5,0.5277777777777778,0.25,0.5277777777777778,1.0,0.6909090909090909,0.0,0.0,19,17,0,0
markov_switching,2018-02-28,2021-01-31,36,19,0.5,0.5277777777777778,0.25,0.5277777777777778,1.0,0.6909090909090909,0.0,0.0,19,17,0,0
markov_switching,2018-03-31,2021-02-28,36,19,0.5,0.5277777777777778,0.25,0.5277777777777778,1.0,0.6909090909090909,0.0,0.0,19,17,0,0
markov_switching,2018-04-30,2021-03-31,36,19,0.5,0.5277777777777778,0.25,0.5277777777777778,1.0,0.6909090909090909,0.0,0.0,19,17,0,0
markov_switching,2018-05-31,2021-04-30,36,19,0.5,0.5277777777777778,0.25,0.5277777777777778,1.0,0.6909090909090909,0.0,0.0,19,17,0,0
markov_switching,2018-06-30,2021-05-31,36,19,0.5,0.5277777777777778,0.25,0.5277777777777778,1.0,0.6909090909090909,0.0,0.0,19,17,0,0
markov_switching,2018-07-31,2021-06-30,36,19,0.5,0.5277777777777778,0.25,0.5277777777777778,1.0,0.6909090909090909,0.0,0.0,19,17,0,0
markov_switching,2018-08-31,2021-07-31,36,19,0.5,0.5277777777777778,0.25,0.5277777777777778,1.0,0.6909090909090909,0.0,0.0,19,17,0,0
markov_switching,2018-09-30,2021-08-31,36,19,0.5,0.5277777777777778,0.25,0.5277777777777778,1.0,0.6909090909090909,0.0,0.0,19,17,0,0
markov_switching,2018-10-31,2021-09-30,36,18,0.5,0.5,0.25,0.5,1.0,0.6666666666666666,0.0,0.0,18,18,0,0
markov_switching,2018-11-30,2021-10-31,36,17,0.5,0.4722222222222222,0.25,0.4722222222222222,1.0,0.6415094339622641,0.0,0.0,17,19,0,0
markov_switching,2018-12-31,2021-11-30,36,16,0.5,0.4444444444444444,0.25,0.4444444444444444,1.0,0.6153846153846153,0.0,0.0,16,20,0,0
markov_switching,2019-01-31,2021-12-31,36,15,0.5,0.4166666666666667,0.25,0.4166666666666667,1.0,0.5882352941176471,0.0,0.0,15,21,0,0
markov_switching,2019-02-28,2022-01-31,36,14,0.5,0.3888888888888889,0.25,0.3888888888888889,1.0,0.56,0.0,0.0,14,22,0,0
markov_switching,2019-03-31,2022-02-28,36,13,0.5,0.3611111111111111,0.25,0.3611111111111111,1.0,0.5306122448979591,0.0,0.0,13,23,0,0
markov_switching,2019-04-30,2022-03-31,36,12,0.5,0.3333333333333333,0.25,0.3333333333333333,1.0,0.5,0.0,0.0,12,24,0,0
markov_switching,2019-05-31,2022-04-30,36,11,0.5,0.3055555555555556,0.25,0.3055555555555556,1.0,0.46808510638297873,0.0,0.0,11,25,0,0
markov_switching,2019-06-30,2022-05-31,36,10,0.5,0.2777777777777778,0.25,0.2777777777777778,1.0,0.4347826086956522,0.0,0.0,10,26,0,0
markov_switching,2019-07-31,2022-06-30,36,9,0.5,0.25,0.25,0.25,1.0,0.4,0.0,0.0,9,27,0,0
markov_switching,2019-08-31,2022-07-31,36,8,0.5,0.2222222222222222,0.25,0.2222222222222222,1.0,0.3636363636363636,0.0,0.0,8,28,0,0
markov_switching,2019-09-30,2022-08-31,36,7,0.5,0.19444444444444445,0.25,0.19444444444444445,1.0,0.32558139534883723,0.0,0.0,7,29,0,0
markov_switching,2019-10-31,2022-09-30,36,6,0.5,0.16666666666666666,0.25,0.16666666666666666,1.0,0.2857142857142857,0.0,0.0,6,30,0,0
markov_switching,2019-11-30,2022-10-31,36,5,0.5,0.1388888888888889,0.25,0.1388888888888889,1.0,0.24390243902439027,0.0,0.0,5,31,0,0
markov_switching,2019-12-31,2022-11-30,36,4,0.5,0.1111111111111111,0.25,0.1111111111111111,1.0,0.19999999999999998,0.0,0.0,4,32,0,0
markov_switching,2020-01-31,2022-12-31,36,3,0.5,0.08333333333333333,0.25,0.08333333333333333,1.0,0.15384615384615385,0.0,0.0,3,33,0,0
markov_switching,2020-02-29,2023-01-31,36,2,0.5,0.05555555555555555,0.25,0.05555555555555555,1.0,0.10526315789473684,0.0,0.0,2,34,0,0
markov_switching,2020-03-31,2023-02-28,36,1,0.5,0.027777777777777776,0.25,0.027777777777777776,1.0,0.05405405405405406,0.0,0.0,1,35,0,0
markov_switching,2020-04-30,2023-03-31,36,0,,,0.25,0.0,0.0,0.0,0.0,-1.0,0,36,0,0
markov_switching,2020-05-31,2023-04-30,36,0,,,0.25,0.0,0.0,0.0,0.0,-1.0,0,36,0,0
markov_switching,2020-06-30,2023-05-31,36,0,,,0.25,0.0,0.0,0.0,0.0,-1.0,0,36,0,0
markov_switching,2020-07-31,2023-06-30,36,0,,,0.25,0.0,0.0,0.0,0.0,-1.0,0,36,0,0
markov_switching,2020-08-31,2023-07-31,36,0,,,0.25,0.0,0.0,0.0,0.0,-1.0,0,36,0,0
markov_switching,2020-09-30,2023-08-31,36,0,,,0.25,0.0,0.0,0.0,0.0,-1.0,0,36,0,0
markov_switching,2020-10-31,2023-09-30,36,0,,,0.25,0.0,0.0,0.0,0.0,-1.0,0,36,0,0
markov_switching,2020-11-30,2023-10-31,36,0,,,0.25,0.0,0.0,0.0,0.0,-1.0,0,36,0,0
markov_switching,2020-12-31,2023-11-30,36,0,,,0.25,0.0,0.0,0.0,0.0,-1.0,0,36,0,0
markov_switching,2021-01-31,2023-12-31,36,0,,,0.25,0.0,0.0,0.0,0.0,-1.0,0,36,0,0
markov_switching,2021-02-28,2024-01-31,36,0,,,0.25,0.0,0.0,0.0,0.0,-1.0,0,36,0,0
markov_switching,2021-03-31,2024-02-29,36,0,,,0.25,0.0,0.0,0.0,0.0,-1.0,0,36,0,0
markov_switching,2021-04-30,2024-03-31,36,0,,,0.25,0.0,0.0,0.0,0.0,-1.0,0,36,0,0
markov_switching,2021-05-31,2024-04-30,36,0,,,0.25,0.0,0.0,0.0,0.0,-1.0,0,36,0,0
markov_switching,2021-06-30,2024-05-31,36,0,,,0.25,0.0,0.0,0.0,0.0,-1.0,0,36,0,0
markov_switching,2021-07-31,2024-06-30,36,0,,,0.25,0.0,0.0,0.0,0.0,-1.0,0,36,0,0
markov_switching,2021-08-31,2024-07-31,36,0,,,0.25,0.0,0.0,0.0,0.0,-1.0,0,36,0,0
markov_switching,2021-09-30,2024-08-31,36,0,,,0.25,0.0,0.0,0.0,0.0,-1.0,0,36,0,0
markov_switching,2021-10-31,2024-09-30,36,0,,,0.25,0.0,0.0,0.0,0.0,-1.0,0,36,0,0
markov_switching,2021-11-30,2024-10-31,36,0,,,0.25,0.0,0.0,0.0,0.0,-1.0,0,36,0,0
markov_switching,2021-12-31,2024-11-30,36,0,,,0.25,0.0,0.0,0.0,0.0,-1.0,0,36,0,0
markov_switching,2022-01-31,2024-12-31,36,0,,,0.25,0.0,0.0,0.0,0.0,-1.0,0,36,0,0
markov_switching,2022-02-28,2025-01-31,36,0,,,0.25,0.0,0.0,0.0,0.0,-1.0,0,36,0,0
markov_switching,2022-03-31,2025-02-28,36,0,,,0.25,0.0,0.0,0.0,0.0,-1.0,0,36,0,0
markov_switching,2022-04-30,2025-03-31,36,0,,,0.25,0.0,0.0,0.0,0.0,-1.0,0,36,0,0
