threshold,precision,recall,specificity,f1,f2,youdens_j,tp,fp,fn,tn,score
0.1,0.678030303030303,1.0,0.7585227272727273,0.8081264108352144,0.9132653061224489,0.7585227272727273,179,85,0,267,0.8081264108352144
0.11,0.683206106870229,1.0,0.7642045454545454,0.8117913832199547,0.9151329243353783,0.7642045454545454,179,83,0,269,0.8117913832199547
0.12,0.6937984496124031,1.0,0.7755681818181818,0.8192219679633868,0.9188911704312115,0.7755681818181817,179,79,0,273,0.8192219679633868
0.13,0.7019607843137254,1.0,0.7840909090909091,0.8248847926267281,0.92173017507724,0.7840909090909092,179,76,0,276,0.8248847926267281
0.14,0.7103174603174603,1.0,0.7926136363636364,0.8306264501160092,0.9245867768595042,0.7926136363636362,179,73,0,279,0.8306264501160092
0.15,0.7217741935483871,1.0,0.8039772727272727,0.8384074941451991,0.9284232365145229,0.8039772727272727,179,69,0,283,0.8384074941451991
0.16,0.7246963562753036,1.0,0.8068181818181818,0.84037558685446,0.9293873312564902,0.8068181818181817,179,68,0,284,0.84037558685446
0.17,0.726530612244898,0.994413407821229,0.8096590909090909,0.839622641509434,0.9261186264308012,0.8040724987303198,178,67,1,285,0.839622641509434
0.18,0.7436974789915967,0.9888268156424581,0.8267045454545454,0.8489208633093527,0.9276729559748428,0.8155313610970034,177,61,2,291,0.8489208633093527
0.19,0.7564102564102564,0.9888268156424581,0.8380681818181818,0.8571428571428571,0.9315789473684211,0.8268949974606399,177,57,2,295,0.8571428571428571
0.2,0.7652173913043478,0.9832402234636871,0.8465909090909091,0.860635696821516,0.9302325581395349,0.8298311325545962,176,54,3,298,0.860635696821516
0.21,0.7685589519650655,0.9832402234636871,0.8494318181818182,0.8627450980392157,0.9312169312169312,0.8326720416455053,176,53,3,299,0.8627450980392157
0.22,0.78125,0.9776536312849162,0.8607954545454546,0.8684863523573202,0.9308510638297872,0.8384490858303708,175,49,4,303,0.8684863523573202
0.23,0.8027522935779816,0.9776536312849162,0.8778409090909091,0.8816120906801007,0.936830835117773,0.8554945403758252,175,43,4,309,0.8816120906801007
0.24,0.8495145631067961,0.9776536312849162,0.9119318181818182,0.9090909090909091,0.9490238611713667,0.8895854494667343,175,31,4,321,0.9090909090909091
0.25,0.8578431372549019,0.9776536312849162,0.9176136363636364,0.9138381201044387,0.9510869565217391,0.8952672676485527,175,29,4,323,0.9138381201044387
0.26,0.8656716417910447,0.9720670391061452,0.9232954545454546,0.9157894736842105,0.9487459105779714,0.8953624936515998,174,27,5,325,0.9157894736842105
0.27,0.8787878787878788,0.9720670391061452,0.9318181818181818,0.923076923076923,0.9518599562363238,0.9038852209243271,174,24,5,328,0.923076923076923
0.28,0.8917525773195877,0.9664804469273743,0.9403409090909091,0.9276139410187668,0.9505494505494506,0.9068213560182834,173,21,6,331,0.9276139410187668
0.29,0.9010416666666666,0.9664804469273743,0.9460227272727273,0.9326145552560646,0.9526431718061673,0.9125031742001015,173,19,6,333,0.9326145552560646
0.3,0.9153439153439153,0.9664804469273743,0.9545454545454546,0.9402173913043478,0.9558011049723758,0.921025901472829,173,16,6,336,0.9402173913043478
0.31,0.9202127659574468,0.9664804469273743,0.9573863636363636,0.9427792915531337,0.9568584070796462,0.923866810563738,173,15,6,337,0.9427792915531337
0.32,0.9202127659574468,0.9664804469273743,0.9573863636363636,0.9427792915531337,0.9568584070796462,0.923866810563738,173,15,6,337,0.9427792915531337
0.33,0.9197860962566845,0.9608938547486033,0.9573863636363636,0.9398907103825136,0.9523809523809523,0.918280218384967,172,15,7,337,0.9398907103825136
0.34,0.9247311827956989,0.9608938547486033,0.9602272727272727,0.9424657534246574,0.9534368070953436,0.9211211274758759,172,14,7,338,0.9424657534246574
0.35,0.9398907103825137,0.9608938547486033,0.96875,0.9502762430939227,0.9566184649610676,0.9296438547486034,172,11,7,341,0.9502762430939227
0.36,0.945054945054945,0.9608938547486033,0.9715909090909091,0.9529085872576177,0.9576837416481069,0.9324847638395124,172,10,7,342,0.9529085872576177
0.37,0.945054945054945,0.9608938547486033,0.9715909090909091,0.9529085872576177,0.9576837416481069,0.9324847638395124,172,10,7,342,0.9529085872576177
0.38,0.9555555555555556,0.9608938547486033,0.9772727272727273,0.958217270194986,0.9598214285714285,0.9381665820213305,172,8,7,344,0.958217270194986
0.39,0.9555555555555556,0.9608938547486033,0.9772727272727273,0.958217270194986,0.9598214285714285,0.9381665820213305,172,8,7,344,0.958217270194986
0.4,0.9662921348314607,0.9608938547486033,0.9829545454545454,0.9635854341736695,0.9619686800894853,0.9438484002031489,172,6,7,346,0.9635854341736695
0.41,0.9659090909090909,0.9497206703910615,0.9829545454545454,0.9577464788732395,0.9529147982062781,0.9326752158456069,170,6,9,346,0.9577464788732395
0.42,0.9659090909090909,0.9497206703910615,0.9829545454545454,0.9577464788732395,0.9529147982062781,0.9326752158456069,170,6,9,346,0.9577464788732395
0.43,0.9714285714285714,0.9497206703910615,0.9857954545454546,0.9604519774011299,0.9539842873176205,0.935516124936516,170,5,9,347,0.9604519774011299
0.44,0.9712643678160919,0.9441340782122905,0.9857954545454546,0.9575070821529744,0.949438202247191,0.929929532757745,169,5,10,347,0.9575070821529744
0.45,0.9712643678160919,0.9441340782122905,0.9857954545454546,0.9575070821529744,0.949438202247191,0.929929532757745,169,5,10,347,0.9575070821529744
0.46,0.9766081871345029,0.9329608938547486,0.9886363636363636,0.9542857142857143,0.9413754227733934,0.9215972574911122,167,4,12,348,0.9542857142857143
0.47,0.9764705882352941,0.9273743016759777,0.9886363636363636,0.9512893982808024,0.9367945823927766,0.9160106653123412,166,4,13,348,0.9512893982808024
0.48,0.9822485207100592,0.9273743016759777,0.9914772727272727,0.9540229885057472,0.9378531073446327,0.9188515744032504,166,3,13,349,0.9540229885057472
0.49,0.9879518072289156,0.9162011173184358,0.9943181818181818,0.9507246376811594,0.9297052154195014,0.9105192991366176,164,2,15,350,0.9507246376811594
0.5,0.9878787878787879,0.9106145251396648,0.9943181818181818,0.9476744186046512,0.9250851305334847,0.9049327069578466,163,2,16,350,0.9476744186046512
0.51,0.9878048780487805,0.9050279329608939,0.9943181818181818,0.9446064139941691,0.9204545454545455,0.8993461147790756,162,2,17,350,0.9446064139941691
0.52,0.9875776397515528,0.888268156424581,0.9943181818181818,0.9352941176470588,0.9064994298745725,0.8825863382427628,159,2,20,350,0.9352941176470588
0.53,0.9874213836477987,0.8770949720670391,0.9943181818181818,0.9289940828402367,0.8971428571428574,0.871413153885221,157,2,22,350,0.9289940828402367
0.54,0.9872611464968153,0.8659217877094972,0.9943181818181818,0.9226190476190476,0.8877434135166093,0.860239969527679,155,2,24,350,0.9226190476190476
0.55,0.9872611464968153,0.8659217877094972,0.9943181818181818,0.9226190476190476,0.8877434135166093,0.860239969527679,155,2,24,350,0.9226190476190476
0.56,0.9871794871794872,0.8603351955307262,0.9943181818181818,0.9194029850746268,0.8830275229357798,0.854653377348908,154,2,25,350,0.9194029850746268
0.57,0.9870967741935484,0.8547486033519553,0.9943181818181818,0.9161676646706587,0.8783008036739381,0.849066785170137,153,2,26,350,0.9161676646706587
0.58,0.9870967741935484,0.8547486033519553,0.9943181818181818,0.9161676646706587,0.8783008036739381,0.849066785170137,153,2,26,350,0.9161676646706587
0.59,0.9934640522875817,0.8491620111731844,0.9971590909090909,0.9156626506024096,0.8745684695051783,0.8463211020822752,152,1,27,351,0.9156626506024096
0.6,0.993421052631579,0.8435754189944135,0.9971590909090909,0.9123867069486405,0.8698156682027649,0.8407345099035044,151,1,28,351,0.9123867069486405
