,leading_USSLIND,leading_T10Y2Y,leading_T10Y3M,leading_PERMIT,leading_HOUST,leading_ICSA,leading_UMCSENT,leading_NEWORDER,leading_DGORDER,coincident_PAYEMS,coincident_UNRATE,coincident_INDPRO,coincident_PI,coincident_RSXFS,coincident_CMRMTSPL,lagging_UEMPMEAN,lagging_CPIAUCSL,lagging_ISRATIO,RECESSION
1970-01-31,,,,1062.0,1085.0,239000.0,,,,71176.0,3.9,37.9948,836.4,,400169.499,7.9,37.9,,1.0
1970-02-28,,,,1118.0,1305.0,242000.0,78.1,,,71305.0,4.2,37.9698,841.8,,400525.176,8.0,38.1,,1.0
1970-03-31,,,,1132.0,1319.0,276000.0,,,,71451.0,4.4,37.9205,847.1,,395844.908,8.3,38.3,,1.0
1970-04-30,,,,1224.0,1264.0,349000.0,,,,71348.0,4.6,37.823,859.9,,393844.229,8.2,38.5,,1.0
1970-05-31,,,,1328.0,1290.0,301000.0,75.4,,,71124.0,4.8,37.7789,857.7,,398121.957,8.6,38.6,,1.0
1970-06-30,,,,1322.0,1385.0,291000.0,,,,71029.0,4.9,37.6567,862.6,,399716.493,8.6,38.8,,1.0
1970-07-31,,,,1324.0,1517.0,287000.0,,,,71053.0,5.0,37.7491,870.6,,400143.064,8.9,38.9,,1.0
1970-08-31,,,,1394.0,1399.0,297000.0,77.6,,,70937.0,5.1,37.6818,875.1,,399958.016,8.8,39.0,,1.0
1970-09-30,,,,1426.0,1534.0,333000.0,,,,70944.0,5.4,37.4221,878.4,,399263.486,8.9,39.2,,1.0
1970-10-31,,,,1564.0,1580.0,327000.0,,,,70521.0,5.5,36.6735,879.7,,395109.523,8.7,39.4,,1.0
1970-11-30,,,,1502.0,1647.0,337000.0,72.4,,,70409.0,5.9,36.4514,882.3,,388477.842,9.3,39.6,,1.0
1970-12-31,,,,1767.0,1893.0,321000.0,,,,70792.0,6.1,37.2885,889.2,,400806.352,9.8,39.8,,0.0
1971-01-31,,,,1643.0,1828.0,292000.0,,,,70865.0,5.9,37.5753,898.8,,404733.211,10.5,39.9,,0.0
1971-02-28,,,,1588.0,1741.0,290000.0,78.1,,,70807.0,5.9,37.5037,903.2,,406993.438,10.4,39.9,,0.0
1971-03-31,,,,1759.0,1910.0,300000.0,,,,70860.0,6.0,37.4631,909.0,,408681.699,10.6,40.0,,0.0
1971-04-30,,,,1745.0,1986.0,288000.0,,,,71036.0,5.9,37.6735,915.0,,410904.676,10.9,40.1,,0.0
1971-05-31,,,,1972.0,2049.0,299000.0,80.2,,,71247.0,5.9,37.8646,922.4,,412911.363,11.2,40.3,,0.0
1971-06-30,,,,1903.0,2026.0,291000.0,,,,71254.0,5.9,38.0234,943.8,,418581.757,11.6,40.5,,0.0
1971-07-31,,,,2069.0,2083.0,308000.0,,,,71315.0,6.0,37.9131,934.8,,413760.901,11.5,40.6,,0.0
1971-08-31,,,,2004.0,2158.0,307000.0,82.1,,,71373.0,6.1,37.693,940.8,,416361.183,11.5,40.7,,0.0
1971-09-30,,,,1996.0,2041.0,308000.0,,,,71614.0,6.0,38.3056,947.7,,420110.204,11.9,40.8,,0.0
1971-10-31,,,,2026.0,2128.0,283000.0,,,,71642.0,5.8,38.5924,951.8,,420400.993,12.6,40.9,,0.0
1971-11-30,,,,2079.0,2182.0,278000.0,82.0,,,71847.0,6.0,38.7561,958.6,,427508.511,12.0,41.0,,0.0
1971-12-31,,,,2133.0,2295.0,244000.0,,,,72109.0,6.0,39.2035,967.4,,431500.257,11.5,41.1,,0.0
1972-01-31,,,,2238.0,2494.0,269000.0,,,,72441.0,5.8,40.1408,976.1,,436061.565,12.1,41.2,,0.0
1972-02-29,,,,2169.0,2390.0,254000.0,92.8,,,72648.0,5.7,40.5459,987.9,,431354.862,12.4,41.4,,0.0
1972-03-31,,,,2105.0,2334.0,264000.0,,,,72944.0,5.8,40.8263,995.6,,439346.765,12.3,41.4,,0.0
1972-04-30,,,,2139.0,2249.0,265000.0,,,,73162.0,5.7,41.2348,998.5,,442331.562,12.4,41.5,,0.0
1972-05-31,,,,2067.0,2221.0,267000.0,88.6,,,73469.0,5.7,41.2405,1004.9,,445055.61,12.3,41.6,,0.0
1972-06-30,,,,2183.0,2254.0,286000.0,,,,73758.0,5.7,41.3497,1009.2,,446997.41,12.4,41.7,,0.0
1972-07-31,,,,2195.0,2252.0,247000.0,,,,73709.0,5.6,41.3035,1019.0,,444221.693,11.8,41.8,,0.0
1972-08-31,,,,2263.0,2382.0,262000.0,95.2,,,74141.0,5.6,41.879,1031.4,,454870.354,11.8,41.9,,0.0
1972-09-30,,,,2393.0,2481.0,251000.0,,,,74264.0,5.5,42.2132,1040.0,,462692.829,12.1,42.1,,0.0
1972-10-31,,,,2354.0,2485.0,234000.0,,,,74674.0,5.6,42.7494,1065.1,,469079.382,11.7,42.2,,0.0
1972-11-30,,,,2234.0,2421.0,235000.0,90.7,,,74973.0,5.3,43.2548,1079.2,,478052.999,11.4,42.4,,0.0
1972-12-31,,,,2419.0,2366.0,225000.0,,,,75268.0,5.2,43.7367,1086.6,,484428.738,11.4,42.5,,0.0
1973-01-31,,,,2271.0,2481.0,214000.0,,,,75617.0,4.9,44.0529,1085.6,,490599.001,11.0,42.7,,0.0
1973-02-28,,,,2226.0,2289.0,218000.0,81.9,,,76014.0,5.0,44.6827,1095.3,,491365.627,10.5,43.0,,0.0
1973-03-31,,,,2062.0,2365.0,222000.0,,,,76284.0,4.9,44.7045,1104.4,,489403.4,10.6,43.4,,0.0
1973-04-30,,,,1908.0,2084.0,236000.0,,,,76455.0,5.0,44.6387,1114.7,,487378.688,10.0,43.7,,0.0
1973-05-31,,,,1931.0,2266.0,238000.0,77.0,,,76648.0,4.9,44.9429,1125.1,,485816.596,10.1,43.9,,0.0
1973-06-30,,,,2051.0,2067.0,237000.0,,,,76887.0,4.9,45.0035,1134.7,,484846.898,9.6,44.2,,0.0
1973-07-31,,,,1819.0,2123.0,250000.0,,,,76913.0,4.8,45.1636,1142.2,,491454.547,9.6,44.2,,0.0
1973-08-31,,,,1809.0,2051.0,254000.0,72.0,,,77168.0,4.8,45.1019,1152.0,,481298.546,9.8,45.0,,0.0
1973-09-30,,,,1704.0,1874.0,249000.0,,,,77276.0,4.8,45.4624,1163.4,,484620.995,9.4,45.2,,0.0
1973-10-31,,,,1411.0,1677.0,235000.0,,,,77607.0,4.6,45.847,1180.2,,497051.642,10.2,45.6,,0.0
1973-11-30,,,,1402.0,1724.0,233000.0,76.5,,,77920.0,4.8,46.0553,1192.6,,505091.609,9.9,45.9,,0.0
1973-12-31,,,,1288.0,1526.0,300000.0,,,,78031.0,4.9,45.923,1199.2,,498331.356,9.5,46.3,,1.0
1974-01-31,,,,1331.0,1451.0,291000.0,,,,78100.0,5.1,45.6204,1200.4,,498780.758,9.5,46.8,,1.0
1974-02-28,,,,1360.0,1752.0,292000.0,61.8,,,78254.0,5.2,45.4759,1207.1,,496333.08,9.6,47.3,,1.0
1974-03-31,,,,1440.0,1555.0,323000.0,,,,78296.0,5.1,45.4777,1213.1,,498011.728,9.7,47.8,,1.0
1974-04-30,,,,1254.0,1607.0,283000.0,,,,78382.0,5.1,45.3451,1220.9,,494381.666,9.8,48.1,,1.0
1974-05-31,,,,1138.0,1426.0,309000.0,72.1,,,78549.0,5.1,45.7044,1234.1,,496557.781,9.6,48.6,,1.0
1974-06-30,,,,1086.0,1513.0,325000.0,,,,78604.0,5.4,45.6238,1243.7,,494825.06,9.7,49.0,,1.0
1974-07-31,,,,1002.0,1316.0,320000.0,,,,78636.0,5.5,45.7221,1257.8,,493693.144,9.9,49.3,,1.0
1974-08-31,,,,917.0,1142.0,350000.0,64.4,,,78619.0,5.5,45.2366,1268.8,,488904.732,9.8,49.9,,1.0
1974-09-30,,,,840.0,1150.0,366000.0,,,,78610.0,5.9,45.2365,1280.7,,484762.785,9.6,50.6,,1.0
1974-10-31,,,,824.0,1070.0,414000.0,,,,78630.0,6.0,45.1133,1294.0,,476462.069,9.9,51.0,,1.0
1974-11-30,,,,783.0,1026.0,474000.0,59.5,,,78265.0,6.6,43.6278,1296.0,,471363.641,9.6,51.5,,1.0
1974-12-31,,,,869.0,975.0,537000.0,,,,77652.0,7.2,42.0533,1305.4,,457546.337,10.1,51.9,,1.0
1975-01-31,,,,726.0,1032.0,555000.0,,,,77293.0,8.1,41.4676,1312.3,,456397.599,10.7,52.3,,1.0
1975-02-28,,,,729.0,904.0,544000.0,57.6,,,76918.0,8.1,40.5165,1318.8,,453447.648,11.7,52.6,,1.0
1975-03-31,,,,709.0,993.0,555000.0,,,,76648.0,8.6,40.0638,1324.2,,439827.408,11.8,52.8,,1.0
1975-04-30,,,,866.0,1005.0,513000.0,,,,76460.0,8.8,40.1573,1330.3,,444233.709,12.9,53.0,,0.0
1975-05-31,,,,914.0,1121.0,475000.0,72.8,,,76624.0,9.0,40.0253,1343.8,,444131.573,13.4,53.1,,0.0
1975-06-30,,,,946.0,1087.0,459000.0,,,,76521.0,8.8,40.2772,1375.8,,448124.52,15.3,53.5,,0.0
1975-07-31,,,,1020.0,1226.0,454000.0,,,,76770.0,8.6,40.6994,1372.3,,450349.9,15.0,54.0,,0.0
1975-08-31,,,,994.0,1260.0,446000.0,75.7,,,77153.0,8.4,41.0998,1388.5,,455633.376,15.6,54.2,,0.0
1975-09-30,,,,1064.0,1264.0,445000.0,,,,77228.0,8.4,41.6304,1398.7,,456724.437,16.1,54.6,,0.0
1975-10-31,,,,1096.0,1344.0,426000.0,,,,77540.0,8.4,41.8135,1413.4,,457281.983,15.4,54.9,,0.0
1975-11-30,,,,1110.0,1360.0,387000.0,75.6,,,77685.0,8.3,41.8697,1422.4,,456611.485,16.6,55.3,,0.0
1975-12-31,,,,1091.0,1321.0,391000.0,,,,78017.0,8.2,42.4414,1432.3,,461447.962,16.5,55.6,,0.0
1976-01-31,,,,1195.0,1367.0,359000.0,,,,78503.0,7.9,43.0012,1447.2,,472872.862,16.6,55.8,,0.0
1976-02-29,,,,1190.0,1538.0,349000.0,84.6,,,78816.0,7.7,43.4229,1457.5,,474949.243,16.3,55.9,,0.0
1976-03-31,,,,1164.0,1421.0,366000.0,,,,79048.0,7.6,43.5168,1463.6,,478539.651,16.5,56.0,,0.0
1976-04-30,,,,1132.0,1395.0,367000.0,,,,79292.0,7.7,43.7327,1472.5,,480828.717,15.9,56.1,,0.0
1976-05-31,,,,1194.0,1459.0,402000.0,83.3,,,79312.0,7.4,43.9186,1481.2,,480297.605,15.0,56.4,,0.0
1976-06-30,,0.84,,1188.0,1495.0,387000.0,,,,79376.0,7.6,43.9637,1489.9,,486201.111,16.9,56.7,,0.0
1976-07-31,,1.12,,1245.0,1401.0,388000.0,,,,79547.0,7.8,44.2141,1506.7,,486539.965,15.7,57.0,,0.0
1976-08-31,,1.16,,1309.0,1550.0,394000.0,89.7,,,79704.0,7.8,44.5182,1519.3,,488221.016,15.6,57.3,,0.0
1976-09-30,,1.22,,1481.0,1720.0,423000.0,,,,79892.0,7.6,44.6721,1529.2,,489634.109,15.2,57.6,,0.0
1976-10-31,,1.39,,1425.0,1629.0,414000.0,,,,79911.0,7.7,44.6585,1536.7,,483856.772,15.2,57.9,,0.0
1976-11-30,,1.59,,1531.0,1641.0,377000.0,87.0,,,80240.0,7.8,45.3392,1557.2,,491901.545,15.3,58.1,,0.0
1976-12-31,,1.47,,1511.0,1804.0,333000.0,,,,80448.0,7.8,45.8294,1570.7,,504644.61,15.1,58.4,,0.0
1977-01-31,,1.22,,1466.0,1527.0,422000.0,,,,80690.0,7.5,45.5087,1572.2,,501353.403,15.2,58.7,,0.0
1977-02-28,,1.37,,1560.0,1943.0,362000.0,87.1,,,80988.0,7.6,46.2277,1589.6,,508170.132,14.7,59.3,,0.0
1977-03-31,,1.41,,1660.0,2063.0,356000.0,,,,81391.0,7.4,46.8185,1604.7,,514317.564,14.5,59.6,,0.0
1977-04-30,,1.31,,1660.0,1892.0,375000.0,,,,81728.0,7.2,47.2684,1620.9,,513695.131,14.4,60.0,,0.0
1977-05-31,,1.2,,1668.0,1971.0,381000.0,90.2,,,82088.0,7.0,47.6411,1633.2,,514019.565,14.9,60.2,,0.0
1977-06-30,,1.12,,1752.0,1893.0,365000.0,,,,82488.0,7.2,48.0116,1644.9,,518656.575,14.4,60.5,,0.0
1977-07-31,,0.92,,1687.0,2058.0,365000.0,,,,82834.0,6.9,48.073,1662.6,,520068.466,14.3,60.8,,0.0
1977-08-31,,0.69,,1780.0,2020.0,365000.0,89.0,,,83075.0,7.0,48.1205,1676.9,,520927.616,13.9,61.1,,0.0
1977-09-30,,0.59,,1674.0,1949.0,380000.0,,,,83532.0,6.8,48.3189,1693.7,,522840.578,14.0,61.3,,0.0
1977-10-31,,0.39,,1758.0,2042.0,349000.0,,,,83800.0,6.8,48.3871,1716.3,,526756.622,13.7,61.6,,0.0
1977-11-30,,0.44,,1771.0,2042.0,354000.0,84.4,,,84173.0,6.8,48.4761,1739.8,,529163.446,13.6,62.0,,0.0
1977-12-31,,0.56,,1754.0,2142.0,364000.0,,,,84410.0,6.4,48.5629,1756.0,,536176.037,13.6,62.3,,0.0
1978-01-31,,0.47,,1740.0,1718.0,363000.0,83.7,,,84594.0,6.4,47.8481,1760.1,,519760.854,12.9,62.7,,0.0
1978-02-28,,0.47,,1736.0,1738.0,371000.0,84.3,,,84948.0,6.3,48.1044,1776.2,,531680.817,12.5,63.0,,0.0
1978-03-31,,0.45,,1799.0,2032.0,335000.0,78.8,,,85460.0,6.3,49.0265,1797.9,,537019.566,12.4,63.4,,0.0
1978-04-30,,0.27,,1948.0,2197.0,324000.0,81.6,,,86162.0,6.1,50.0206,1821.9,,553289.355,12.3,63.9,,0.0
1978-05-31,,0.3,,1766.0,2075.0,318000.0,82.9,,,86509.0,6.0,50.254,1837.0,,552763.05,12.1,64.5,,0.0
1978-06-30,,0.14,,1983.0,2070.0,330000.0,80.0,,,86950.0,5.9,50.5801,1855.8,,555827.153,12.1,65.0,,0.0
1978-07-31,,0.09,,1786.0,2092.0,346000.0,82.4,,,87204.0,6.2,50.5384,1876.2,,551247.821,12.0,65.5,,0.0
1978-08-31,,-0.07,,1691.0,1996.0,333000.0,78.4,,,87483.0,5.9,50.7458,1894.2,,558437.048,11.4,65.9,,0.0
1978-09-30,,-0.14,,1751.0,1970.0,318000.0,80.4,,,87621.0,6.0,50.8744,1907.5,,557162.141,11.4,66.5,,0.0
1978-10-31,,-0.53,,1781.0,1981.0,316000.0,79.3,,,87956.0,5.8,51.2559,1929.7,,562133.198,11.7,67.1,,0.0
1978-11-30,,-0.69,,1795.0,2094.0,359000.0,75.0,,,88391.0,5.9,51.6514,1944.0,,564568.86,11.1,67.5,,0.0
1978-12-31,,-0.83,,1818.0,2044.0,358000.0,66.1,,,88671.0,6.0,51.909,1964.2,,567590.907,10.6,67.9,,0.0
1979-01-31,,-0.69,,1461.0,1630.0,342000.0,72.1,,,88808.0,5.9,51.6278,1985.6,,561382.192,11.1,68.5,,0.0
1979-02-28,,-0.72,,1492.0,1520.0,360000.0,73.9,,,89055.0,5.9,51.8752,2004.1,,558729.039,11.2,69.2,,0.0
1979-03-31,,-0.61,,1720.0,1847.0,360000.0,68.4,,,89479.0,5.8,52.0446,2025.9,,574897.892,11.7,69.9,,0.0
1979-04-30,,-0.56,,1597.0,1748.0,357000.0,66.0,,,89417.0,5.8,51.4193,2030.6,,559387.521,11.0,70.6,,0.0
1979-05-31,,-0.5,,1684.0,1876.0,349000.0,68.1,,,89789.0,5.6,51.8856,2044.6,,571771.305,11.1,71.4,,0.0
1979-06-30,,-0.16,,1640.0,1913.0,369000.0,65.8,,,90108.0,5.7,51.8965,2060.4,,565933.888,10.4,72.2,,0.0
1979-07-31,,-0.3,,1534.0,1760.0,386000.0,60.4,,,90217.0,5.7,51.8097,2091.8,,565217.729,10.3,73.0,,0.0
1979-08-31,,-0.6,,1591.0,1778.0,390000.0,64.5,,,90300.0,6.0,51.4684,2111.2,,566199.443,10.6,73.7,,0.0
1979-09-30,,-0.66,,1638.0,1832.0,390000.0,66.7,,,90327.0,5.9,51.4597,2129.7,,563003.163,10.5,74.4,,0.0
1979-10-31,,-1.34,,1481.0,1681.0,398000.0,62.1,,,90481.0,6.0,51.8334,2147.1,,561320.91,10.5,75.2,,0.0
1979-11-30,,-0.95,,1276.0,1524.0,414000.0,63.3,,,90573.0,5.9,51.7531,2168.9,,561533.595,10.6,76.0,,0.0
1979-12-31,,-0.9,,1254.0,1498.0,428000.0,61.0,,,90672.0,6.0,51.7878,2192.7,,559893.399,10.8,76.9,,0.0
1980-01-31,,-0.62,,1280.0,1341.0,412000.0,67.0,,,90800.0,6.3,52.0679,2218.8,,564633.747,10.4,78.0,,0.0
1980-02-29,,-2.01,,1199.0,1350.0,428000.0,66.9,,,90883.0,6.3,52.082,2232.6,,559322.634,10.6,79.0,,1.0
1980-03-31,,-1.99,,988.0,1047.0,475000.0,56.5,,,90994.0,6.3,51.87,2248.1,,546586.779,11.0,80.1,,1.0
1980-04-30,,-0.05,,808.0,1051.0,563000.0,52.7,,,90849.0,6.9,50.8397,2257.2,,534885.508,11.4,80.9,,1.0
1980-05-31,,1.0,,861.0,927.0,637000.0,51.7,,,90420.0,7.5,49.589,2267.7,,528037.538,10.9,81.7,,1.0
1980-06-30,,1.12,,1118.0,1196.0,627000.0,58.7,,,90101.0,7.6,48.9482,2287.5,,526517.502,11.3,82.5,,1.0
1980-07-31,,1.04,,1259.0,1269.0,558000.0,62.3,,,89840.0,7.8,48.6039,2322.4,,533161.199,11.8,82.6,,1.0
1980-08-31,,0.19,,1367.0,1436.0,502000.0,67.3,,,90099.0,7.7,48.7563,2346.7,,537003.945,12.4,83.2,,0.0
1980-09-30,,-0.27,,1484.0,1471.0,463000.0,73.7,,,90213.0,7.5,49.5608,2378.6,,548314.693,12.9,83.9,,0.0
1980-10-31,,-0.62,,1366.0,1523.0,418000.0,75.0,,,90490.0,7.5,50.1908,2418.3,,559766.028,13.1,84.7,,0.0
1980-11-30,,-1.41,,1383.0,1510.0,412000.0,76.7,,,90747.0,7.5,51.0311,2443.9,,560138.527,13.6,85.6,,0.0
1980-12-31,,-0.63,,1249.0,1482.0,399000.0,64.5,,,90943.0,7.2,51.3708,2471.7,,561521.579,13.7,86.4,,0.0
1981-01-31,,-0.58,,1221.0,1547.0,419000.0,71.4,,,91033.0,7.5,51.0415,2487.4,,564940.157,14.3,87.2,,0.0
1981-02-28,,-0.65,,1199.0,1246.0,434000.0,66.9,,,91105.0,7.4,50.824,2505.5,,562611.438,14.1,88.0,,0.0
1981-03-31,,-0.04,,1183.0,1306.0,412000.0,66.5,,,91210.0,7.4,51.0826,2531.0,,556799.255,14.0,88.6,,0.0
1981-04-30,,-0.73,,1190.0,1360.0,436000.0,72.4,,,91283.0,7.2,50.858,2537.4,,557110.472,13.9,89.1,,0.0
1981-05-31,,-0.9,,1173.0,1140.0,417000.0,76.3,,,91296.0,7.5,51.1495,2556.4,,553170.395,13.6,89.7,,0.0
1981-06-30,,-0.8,,976.0,1045.0,444000.0,73.1,,,91490.0,7.5,51.4101,2580.7,,551710.44,13.7,90.5,,0.0
1981-07-31,,-1.17,,935.0,1041.0,407000.0,74.1,,,91601.0,7.2,51.7471,2635.3,,552979.339,13.8,91.5,,0.0
1981-08-31,,-1.32,,889.0,940.0,451000.0,77.2,,,91565.0,7.4,51.6826,2661.8,,550764.774,14.4,92.2,,1.0
1981-09-30,,-0.85,,847.0,911.0,491000.0,73.1,,,91477.0,7.6,51.4337,2674.0,,546976.1,13.6,93.1,,1.0
1981-10-31,,0.04,,731.0,873.0,514000.0,70.3,,,91380.0,7.9,51.0281,2675.8,,539542.946,13.5,93.4,,1.0
1981-11-30,,0.77,,748.0,837.0,552000.0,62.5,,,91171.0,8.3,50.435,2693.3,,535372.16,13.1,93.8,,1.0
1981-12-31,,0.35,,796.0,910.0,556000.0,64.3,,,90895.0,8.5,49.8987,2699.9,,528441.278,13.1,94.1,,1.0
1982-01-31,-0.89,-0.1,1.06,794.0,843.0,583000.0,71.0,,,90565.0,8.6,48.8685,2709.9,,525660.755,13.4,94.4,,1.0
1982-02-28,-0.38,-0.41,1.03,808.0,866.0,528000.0,66.5,,,90563.0,8.9,49.8636,2729.5,,534051.592,14.1,94.7,,1.0
1982-03-31,-0.15,-0.34,0.19,891.0,931.0,574000.0,62.0,,,90434.0,9.0,49.5323,2734.7,,534478.163,14.1,94.7,,1.0
1982-04-30,-0.11,-0.12,0.72,888.0,917.0,588000.0,65.5,,,90150.0,9.3,49.075,2755.1,,535081.371,14.5,95.0,,1.0
1982-05-31,-0.05,0.09,1.74,953.0,1025.0,588000.0,67.5,,,90107.0,9.4,48.7483,2771.4,,537835.459,14.9,95.9,,1.0
1982-06-30,-0.03,-0.22,1.08,913.0,902.0,582000.0,65.7,,,89865.0,9.6,48.6214,2782.1,,530210.047,15.7,97.0,,1.0
1982-07-31,-0.06,0.51,3.11,1044.0,1166.0,605000.0,65.4,,,89521.0,9.8,48.4616,2798.8,,528166.11,15.4,97.5,,1.0
1982-08-31,-0.23,0.82,4.09,926.0,1046.0,647000.0,65.4,,,89363.0,9.8,48.0192,2813.0,,523323.625,16.2,97.7,,1.0
1982-09-30,-0.2,0.5,3.85,1042.0,1144.0,671000.0,69.3,,,89183.0,10.1,47.9008,2819.6,,524334.178,16.6,97.7,,1.0
1982-10-31,0.01,0.86,2.54,1149.0,1173.0,637000.0,73.4,,,88907.0,10.4,47.4371,2833.7,,518937.752,17.2,98.1,,1.0
1982-11-30,0.48,0.83,2.23,1229.0,1372.0,612000.0,72.1,,,88786.0,10.8,47.283,2853.2,,520350.844,17.1,98.0,,1.0
1982-12-31,0.94,0.88,2.16,1351.0,1303.0,489000.0,71.9,,,88771.0,10.8,46.9485,2872.4,,518920.929,18.1,97.7,,0.0
1983-01-31,1.51,1.22,2.44,1426.0,1586.0,503000.0,70.4,,,88990.0,10.4,47.8234,2882.6,,528823.39,19.4,97.9,,0.0
1983-02-28,1.73,0.96,2.06,1471.0,1699.0,481000.0,74.6,,,88917.0,10.4,47.5233,2889.6,,526595.607,19.2,98.0,,0.0
1983-03-31,1.82,0.75,1.66,1475.0,1606.0,481000.0,80.8,,,89090.0,10.3,47.9244,2907.3,,535427.434,19.4,98.1,,0.0
1983-04-30,1.89,0.92,1.89,1566.0,1472.0,490000.0,89.1,,,89364.0,10.2,48.5311,2922.9,,535378.168,19.5,98.8,,0.0
1983-05-31,2.11,0.79,1.84,1669.0,1776.0,454000.0,93.3,,,89644.0,10.1,48.8239,2946.1,,543698.11,20.5,99.2,,0.0
1983-06-30,2.6,0.73,1.81,1769.0,1733.0,442000.0,92.2,,,90021.0,10.1,49.123,2961.2,,557666.817,20.8,99.4,,0.0
1983-07-31,2.96,0.73,2.17,1795.0,1785.0,415000.0,92.8,,,90437.0,9.4,49.8546,2986.3,,557370.019,21.2,99.8,,0.0
1983-08-31,2.5,0.8,2.34,1713.0,1910.0,426000.0,90.9,,,90129.0,9.5,50.4443,2994.7,,556459.2,20.0,100.1,,0.0
1983-09-30,2.74,0.91,2.4,1585.0,1710.0,416000.0,89.9,,,91247.0,9.2,51.178,3025.6,,564975.004,20.2,100.4,,0.0
1983-10-31,3.09,1.13,2.91,1716.0,1715.0,404000.0,89.3,,,91520.0,8.8,51.5693,3059.6,,571165.694,20.2,100.8,,0.0
1983-11-30,3.35,0.96,2.39,1668.0,1785.0,398000.0,91.1,,,91875.0,8.5,51.7993,3088.1,,577027.144,19.7,101.1,,0.0
1983-12-31,2.93,0.97,2.49,1627.0,1688.0,372000.0,94.2,,,92230.0,8.3,52.0594,3116.8,,587714.256,19.2,101.4,,0.0
1984-01-31,3.06,1.09,2.41,1816.0,1897.0,364000.0,100.1,,,92673.0,8.0,53.0985,3140.7,,591512.542,20.4,102.1,,0.0
1984-02-29,3.28,1.05,2.55,1987.0,2260.0,343000.0,97.4,,,93157.0,7.8,53.3318,3179.4,,591194.116,19.0,102.6,,0.0
1984-03-31,3.04,0.93,2.44,1725.0,1663.0,341000.0,101.0,,,93429.0,7.8,53.5929,3208.7,,591699.993,19.1,102.9,,0.0
1984-04-30,2.72,0.93,2.72,1776.0,1851.0,375000.0,96.1,,,93792.0,7.7,53.91,3241.3,,594977.983,18.9,103.3,,0.0
1984-05-31,2.55,0.91,3.78,1741.0,1774.0,354000.0,98.1,,,94098.0,7.4,54.2026,3252.3,,599678.678,18.8,103.5,,0.0
1984-06-30,2.48,0.67,3.53,1814.0,1843.0,360000.0,95.5,,,94479.0,7.2,54.4014,3282.4,,605012.621,18.1,103.7,,0.0
1984-07-31,2.23,0.34,2.08,1605.0,1732.0,359000.0,96.6,,,94789.0,7.5,54.5521,3301.4,,601781.494,18.0,104.1,,0.0
1984-08-31,1.94,0.25,1.73,1530.0,1586.0,395000.0,99.1,,,95032.0,7.5,54.6083,3333.2,,601630.092,17.3,104.4,,0.0
1984-09-30,2.03,0.4,1.84,1523.0,1698.0,402000.0,100.9,,,95344.0,7.3,54.4466,3363.3,,600888.699,17.0,104.7,,0.0
1984-10-31,1.95,0.7,2.44,1490.0,1590.0,425000.0,96.3,,,95629.0,7.4,54.4406,3361.4,,603409.675,16.7,105.1,,0.0
1984-11-30,1.99,1.08,2.84,1643.0,1689.0,429000.0,95.7,,,95982.0,7.2,54.624,3383.8,,608766.448,17.0,105.3,,0.0
1984-12-31,1.84,1.53,3.43,1626.0,1612.0,379000.0,92.9,,,96107.0,7.3,54.6416,3416.4,,609494.624,16.8,105.5,,0.0
1985-01-31,2.14,1.27,2.84,1660.0,1711.0,368000.0,96.0,,,96372.0,7.3,54.6322,3429.7,,607972.185,15.9,105.7,,0.0
1985-02-28,1.92,1.25,3.1,1662.0,1632.0,390000.0,93.7,,,96503.0,7.2,54.7825,3448.3,,610042.557,15.9,106.3,,0.0
1985-03-31,2.02,1.22,3.18,1727.0,1800.0,386000.0,93.7,,,96842.0,7.2,54.8653,3476.5,,615382.508,16.1,106.8,,0.0
1985-04-30,2.0,1.5,3.29,1664.0,1821.0,386000.0,94.6,,,97038.0,7.3,54.7459,3475.1,,614751.664,16.4,107.0,,0.0
1985-05-31,2.13,1.36,2.9,1709.0,1680.0,396000.0,91.8,,,97312.0,7.2,54.8255,3490.9,,621873.601,15.3,107.2,,0.0
1985-06-30,1.94,1.58,3.2,1716.0,1676.0,390000.0,96.5,,,97459.0,7.4,54.7989,3512.8,,611587.827,15.5,107.5,,0.0
1985-07-31,1.87,1.56,3.05,1697.0,1684.0,362000.0,94.0,,,97648.0,7.4,54.5396,3526.6,,612761.799,15.5,107.7,,0.0
1985-08-31,2.0,1.32,2.9,1808.0,1743.0,409000.0,92.4,,,97840.0,7.1,54.7055,3538.1,,623898.313,15.3,107.9,,0.0
1985-09-30,2.01,1.43,3.04,1916.0,1676.0,399000.0,92.1,,,98045.0,7.1,54.8906,3560.4,,625572.154,15.3,108.1,,0.0
1985-10-31,2.07,1.31,2.59,1743.0,1834.0,418000.0,88.4,,,98233.0,7.1,54.7199,3583.4,,619804.43,15.3,108.5,,0.0
1985-11-30,1.87,1.13,2.2,1692.0,1698.0,393000.0,90.9,,,98443.0,7.0,54.9124,3599.4,,624340.505,15.7,109.0,,0.0
1985-12-31,1.96,1.02,1.72,1794.0,1942.0,390000.0,93.9,,,98609.0,7.0,55.4412,3633.5,,621004.838,15.1,109.5,,0.0
1986-01-31,2.04,1.09,1.89,1847.0,1972.0,344000.0,95.6,,,98732.0,6.7,55.7481,3647.9,,630338.938,14.8,109.9,,0.0
1986-02-28,1.54,0.42,0.89,1767.0,1848.0,390000.0,95.9,,,98847.0,7.2,55.3568,3665.9,,626753.336,15.2,109.7,,0.0
1986-03-31,1.33,0.47,0.86,1780.0,1876.0,396000.0,95.1,,,98934.0,7.2,54.9625,3692.4,,627364.955,14.6,109.1,,0.0
1986-04-30,1.5,0.55,1.1,1858.0,1933.0,391000.0,96.2,,,99121.0,7.1,55.0413,3697.0,,639997.472,14.7,108.7,,0.0
1986-05-31,1.54,0.69,1.56,1797.0,1854.0,373000.0,94.8,,,99248.0,7.2,55.1226,3707.8,,633859.653,14.7,109.0,,0.0
1986-06-30,1.47,0.54,1.22,1790.0,1847.0,371000.0,99.3,,,99155.0,7.2,54.9005,3722.7,,637925.898,15.2,109.4,,0.0
1986-07-31,1.58,0.77,1.38,1780.0,1782.0,362000.0,97.7,,,99473.0,7.0,55.2592,3741.3,,641695.346,15.2,109.5,,0.0
1986-08-31,1.53,1.01,1.64,1726.0,1807.0,401000.0,94.9,,,99588.0,6.9,55.1567,3753.9,,642607.368,15.5,109.6,,0.0
1986-09-30,1.78,1.07,2.11,1686.0,1687.0,389000.0,91.9,,,99934.0,7.0,55.2975,3769.6,,657852.183,15.4,110.0,,0.0
1986-10-31,1.72,1.08,2.0,1675.0,1681.0,370000.0,95.6,,,100121.0,7.0,55.5332,3777.3,,648561.341,15.2,110.2,,0.0
1986-11-30,1.75,0.94,1.61,1644.0,1623.0,366000.0,91.4,,,100308.0,6.9,55.7557,3790.1,,646573.879,15.0,110.4,,0.0
1986-12-31,2.28,0.88,1.4,1903.0,1833.0,345000.0,89.1,,,100509.0,6.6,56.2845,3808.6,,660110.007,15.0,110.8,,0.0
1987-01-31,1.72,0.85,1.42,1690.0,1774.0,370000.0,90.4,,,100678.0,6.6,56.0882,3820.2,,639270.499,14.9,111.4,,0.0
1987-02-28,1.9,0.84,1.59,1689.0,1784.0,348000.0,90.2,,,100919.0,6.6,56.8275,3845.0,,662329.379,14.7,111.8,,0.0
1987-03-31,1.85,0.97,1.72,1704.0,1726.0,326000.0,90.8,,,101164.0,6.6,56.9098,3863.8,,662965.03,14.9,112.2,,0.0
1987-04-30,2.03,0.83,2.51,1601.0,1614.0,328000.0,92.8,,,101499.0,6.3,57.2701,3875.4,,661061.681,14.8,112.7,,0.0
1987-05-31,2.15,0.8,2.62,1500.0,1628.0,326000.0,91.1,,,101728.0,6.3,57.6322,3908.6,,659958.604,14.9,113.0,,0.0
1987-06-30,1.91,0.9,2.47,1522.0,1594.0,326000.0,91.5,,,101900.0,6.2,57.9307,3919.7,,663252.215,14.9,113.5,,0.0
1987-07-31,2.15,1.03,2.39,1516.0,1575.0,324000.0,93.7,,,102247.0,6.1,58.3258,3942.1,,669004.318,14.2,113.8,,0.0
1987-08-31,1.98,1.03,2.55,1511.0,1605.0,322000.0,94.4,,,102420.0,6.0,58.7636,3978.6,,666054.367,14.4,114.3,,0.0
1987-09-30,2.0,1.03,2.8,1514.0,1695.0,317000.0,93.6,,,102647.0,5.9,58.9951,3995.6,,673394.998,14.2,114.7,,0.0
1987-10-31,2.06,1.3,3.43,1447.0,1515.0,289000.0,89.3,,,103138.0,6.0,59.781,4034.7,,672618.758,14.0,115.0,,0.0
1987-11-30,2.13,1.26,3.57,1457.0,1656.0,306000.0,83.1,,,103372.0,5.8,60.0726,4062.1,,670755.062,14.0,115.4,,0.0
1987-12-31,2.03,1.06,2.97,1345.0,1400.0,316000.0,86.8,,,103661.0,5.7,60.4095,4115.7,,676438.674,14.2,115.6,,0.0
1988-01-31,1.41,1.04,2.44,1244.0,1271.0,342000.0,90.8,,,103753.0,5.7,60.3976,4128.2,,674894.606,14.2,116.0,,0.0
1988-02-29,2.03,1.03,2.36,1438.0,1473.0,319000.0,91.6,,,104214.0,5.7,60.7003,4153.0,,682522.421,14.4,116.2,,0.0
1988-03-31,2.18,1.16,2.7,1525.0,1532.0,304000.0,94.6,,,104489.0,5.7,60.8501,4178.3,,693454.661,13.7,116.5,,0.0
1988-04-30,2.31,1.14,2.71,1429.0,1573.0,313000.0,91.2,,,104732.0,5.4,61.2031,4209.5,,689735.681,13.3,117.2,,0.0
1988-05-31,2.01,0.99,2.53,1444.0,1421.0,313000.0,94.8,,,104962.0,5.6,61.0797,4225.9,,691900.981,13.8,117.5,,0.0
1988-06-30,2.28,0.8,2.05,1485.0,1478.0,307000.0,94.7,,,105326.0,5.4,61.2569,4258.9,,698684.064,13.1,118.0,,0.0
1988-07-31,2.11,0.73,1.94,1439.0,1467.0,331000.0,93.4,,,105550.0,5.4,61.2659,4298.8,,695850.67,13.4,118.5,,0.0
1988-08-31,1.85,0.54,1.71,1460.0,1493.0,315000.0,97.4,,,105674.0,5.6,61.5731,4323.0,,696253.209,13.6,119.0,,0.0
1988-09-30,1.62,0.44,1.38,1436.0,1492.0,301000.0,97.3,,,106013.0,5.4,61.3807,4352.5,,699007.297,13.6,119.5,,0.0
1988-10-31,2.04,0.4,1.03,1516.0,1522.0,294000.0,94.1,,,106276.0,5.4,61.6453,4391.1,,704433.764,13.4,119.9,,0.0
1988-11-30,2.14,0.22,0.96,1508.0,1569.0,299000.0,93.0,,,106617.0,5.3,61.7944,4402.5,,707153.006,12.6,120.3,,0.0
1988-12-31,1.97,0.0,0.77,1501.0,1563.0,304000.0,91.9,,,106898.0,5.3,62.0743,4438.6,,716370.55,12.9,120.7,,0.0
1989-01-31,1.94,-0.11,0.32,1466.0,1621.0,295000.0,97.9,,,107161.0,5.4,62.2574,4501.5,,717188.846,12.6,121.2,,0.0
1989-02-28,1.79,-0.23,0.29,1383.0,1425.0,300000.0,95.4,,,107427.0,5.2,61.9819,4529.6,,709350.749,12.4,121.6,,0.0
1989-03-31,1.71,-0.43,0.07,1214.0,1422.0,319000.0,94.3,,,107621.0,5.0,62.1369,4570.2,,705128.294,12.3,122.2,,0.0
1989-04-30,1.58,-0.2,0.31,1376.0,1339.0,311000.0,91.5,,,107791.0,5.2,62.1276,4582.5,,711559.307,12.5,123.1,,0.0
1989-05-31,1.2,-0.22,-0.32,1381.0,1331.0,325000.0,90.7,,,107913.0,5.2,61.7744,4579.4,,708387.058,12.0,123.7,,0.0
1989-06-30,0.94,0.02,-0.16,1322.0,1397.0,338000.0,90.6,,,108027.0,5.3,61.7697,4602.2,,706202.533,11.1,124.1,,0.0
1989-07-31,0.79,0.29,-0.22,1283.0,1427.0,337000.0,92.0,,,108069.0,5.2,61.1738,4628.5,,698959.233,11.8,124.5,,0.0
1989-08-31,1.07,-0.16,0.1,1334.0,1332.0,332000.0,89.6,,,108120.0,5.2,61.7732,4639.1,,716702.194,11.4,124.5,,0.0
1989-09-30,1.09,-0.15,0.13,1314.0,1279.0,347000.0,95.8,,,108369.0,5.3,61.5796,4662.3,,711680.669,11.5,124.8,,0.0
1989-10-31,1.02,0.07,-0.12,1365.0,1410.0,354000.0,93.9,,,108476.0,5.3,61.4966,4703.0,,704809.868,11.9,125.4,,0.0
1989-11-30,1.24,0.09,0.0,1344.0,1351.0,342000.0,90.9,,,108752.0,5.4,61.7044,4718.1,,711113.51,11.7,125.9,,0.0
1989-12-31,1.25,0.06,0.13,1422.0,1251.0,358000.0,90.5,,,108836.0,5.4,62.0428,4735.7,,713463.857,11.6,126.3,,0.0
1990-01-31,1.71,0.15,0.43,1748.0,1551.0,345000.0,93.0,,,109196.0,5.4,61.729,4783.8,,707890.794,11.8,127.5,,0.0
1990-02-28,1.45,0.08,0.47,1329.0,1437.0,350000.0,89.5,,,109436.0,5.3,62.2896,4819.8,,718408.479,11.6,128.0,,0.0
1990-03-31,1.67,0.01,0.58,1246.0,1289.0,346000.0,91.3,,,109640.0,5.2,62.5999,4842.7,,722594.885,11.7,128.6,,0.0
1990-04-30,1.31,0.08,0.97,1136.0,1248.0,363000.0,93.9,,,109674.0,5.4,62.4359,4883.8,,714267.734,11.8,128.9,,0.0
1990-05-31,1.1,0.1,0.59,1067.0,1212.0,359000.0,90.6,,,109828.0,5.4,62.6258,4889.5,,720071.506,11.7,129.1,,0.0
1990-06-30,1.07,0.19,0.43,1108.0,1177.0,364000.0,88.3,,,109850.0,5.2,62.8382,4919.3,,721932.799,11.6,129.9,,0.0
1990-07-31,0.64,0.45,0.62,1078.0,1171.0,369000.0,88.2,,,109815.0,5.5,62.7284,4948.2,,718064.819,11.9,130.5,,0.0
1990-08-31,0.42,0.79,1.23,1069.0,1115.0,394000.0,76.4,,,109607.0,5.7,62.9475,4949.9,,725287.691,12.2,131.6,,1.0
1990-09-30,-0.11,0.8,1.45,976.0,1110.0,404000.0,72.8,,,109522.0,5.9,62.9523,4978.6,,711952.233,12.4,132.5,,1.0
1990-10-31,-0.07,0.88,1.31,925.0,1014.0,440000.0,63.9,,,109377.0,5.9,62.5845,4966.5,,708898.944,12.2,133.4,,1.0
1990-11-30,-0.26,0.73,1.02,941.0,1145.0,462000.0,66.0,,,109222.0,6.2,61.7887,4973.5,,700518.922,12.4,133.7,,1.0
1990-12-31,-0.3,0.93,1.45,861.0,969.0,454000.0,65.5,,,109168.0,6.3,61.3352,5004.1,,693227.557,12.5,134.2,,1.0
1991-01-31,-0.22,0.98,1.66,786.0,798.0,462000.0,66.8,,,109058.0,6.4,61.1355,4990.4,,688659.039,12.2,134.7,,1.0
1991-02-28,-0.3,0.98,1.8,853.0,965.0,499000.0,70.4,,,108735.0,6.6,60.6838,4997.1,,692734.897,12.7,134.8,,1.0
1991-03-31,-0.31,1.03,2.13,911.0,921.0,499000.0,87.7,,,108568.0,6.8,60.3346,5005.8,,688729.934,12.9,134.8,,1.0
1991-04-30,0.05,1.22,2.34,916.0,1001.0,462000.0,81.8,,,108350.0,6.7,60.4938,5034.3,,702300.908,13.5,135.1,,0.0
1991-05-31,0.45,1.38,2.35,991.0,996.0,443000.0,78.3,,,108253.0,6.9,61.0633,5055.9,,708061.422,12.9,135.6,,0.0
1991-06-30,0.83,1.34,2.53,964.0,1036.0,418000.0,82.1,,,108330.0,6.9,61.5581,5090.8,,704890.376,13.7,136.0,,0.0
1991-07-31,1.22,1.39,2.5,973.0,1063.0,423000.0,82.9,,,108290.0,6.8,61.7305,5087.0,,714091.097,13.8,136.2,,0.0
1991-08-31,0.91,1.46,2.33,944.0,1049.0,425000.0,82.0,,,108300.0,6.9,61.7298,5108.4,,711082.268,13.9,136.6,,0.0
1991-09-30,0.94,1.48,2.21,974.0,1015.0,437000.0,83.0,,,108335.0,6.9,62.2195,5141.5,,714123.541,14.0,137.0,,0.0
1991-10-31,0.82,1.77,2.51,991.0,1079.0,423000.0,78.3,,,108361.0,7.0,62.1855,5157.7,,714844.506,14.4,137.2,,0.0
1991-11-30,0.7,2.0,2.91,984.0,1103.0,444000.0,69.1,,,108300.0,7.0,62.0871,5177.0,,712530.207,14.8,137.8,,0.0
1991-12-31,0.73,1.94,2.75,1061.0,1079.0,441000.0,68.2,,,108330.0,7.3,61.7852,5233.0,,703459.259,15.4,138.2,,0.0
1992-01-31,0.83,2.2,3.37,1077.0,1176.0,441000.0,67.5,,,108365.0,7.3,61.4616,5264.8,142419.0,717085.507,16.1,138.3,1.56,0.0
1992-02-29,1.01,2.0,3.24,1146.0,1250.0,444000.0,68.8,33857.0,114535.0,108312.0,7.4,61.8955,5303.2,142584.0,718889.123,16.7,138.6,1.56,0.0
1992-03-31,1.17,1.94,3.39,1082.0,1297.0,420000.0,76.0,35258.0,120025.0,108367.0,7.4,62.4232,5323.8,142120.0,721782.597,17.1,139.1,1.53,0.0
1992-04-30,1.28,2.15,3.82,1054.0,1099.0,424000.0,77.2,35992.0,124470.0,108516.0,7.4,62.897,5357.4,143659.0,726592.639,17.4,139.4,1.53,0.0
1992-05-31,1.4,2.14,3.54,1056.0,1214.0,411000.0,79.2,36811.0,125822.0,108646.0,7.6,63.104,5392.4,144239.0,720270.973,17.8,139.7,1.52,0.0
1992-06-30,1.37,2.31,3.49,1057.0,1145.0,420000.0,80.4,36666.0,122834.0,108706.0,7.8,63.1363,5424.0,145273.0,727863.941,18.2,140.1,1.52,0.0
1992-07-31,1.23,2.3,3.47,1089.0,1139.0,564000.0,76.6,36629.0,122590.0,108793.0,7.7,63.7176,5437.1,146743.0,737611.395,18.1,140.5,1.51,0.0
1992-08-31,1.31,2.47,3.39,1075.0,1226.0,408000.0,76.1,36131.0,120411.0,108916.0,7.6,63.3613,5465.1,146070.0,725877.682,18.0,140.8,1.53,0.0
1992-09-30,1.45,2.57,3.62,1114.0,1186.0,409000.0,75.6,37629.0,120711.0,108951.0,7.6,63.5703,5452.8,147932.0,735969.997,18.1,141.1,1.51,0.0
1992-10-31,1.75,2.4,3.77,1132.0,1244.0,365000.0,73.3,36668.0,127392.0,109139.0,7.3,63.9995,5444.9,149346.0,738948.786,18.9,141.7,1.51,0.0
1992-11-30,1.75,2.16,3.57,1118.0,1214.0,341000.0,85.3,37573.0,122374.0,109283.0,7.4,64.2422,5467.4,149131.0,740208.073,17.9,142.1,1.51,0.0
1992-12-31,2.18,2.14,3.55,1176.0,1227.0,313000.0,91.0,38374.0,126080.0,109502.0,7.4,64.3507,5676.8,150578.0,751730.303,19.0,142.3,1.51,0.0
1993-01-31,1.79,2.19,3.43,1177.0,1210.0,340000.0,89.3,37041.0,121637.0,109790.0,7.3,64.5978,5534.1,152329.0,753613.224,18.3,142.8,1.5,0.0
1993-02-28,2.1,2.11,3.02,1148.0,1210.0,362000.0,86.6,36962.0,128854.0,110047.0,7.1,64.9089,5568.0,151742.0,752647.131,18.2,143.1,1.5,0.0
1993-03-31,1.61,2.07,3.08,1056.0,1083.0,366000.0,85.9,36895.0,126762.0,110004.0,7.0,64.8522,5565.0,150525.0,747888.758,17.6,143.3,1.52,0.0
1993-04-30,1.64,2.22,3.08,1104.0,1258.0,350000.0,85.6,37729.0,127395.0,110300.0,7.1,65.0301,5621.8,154720.0,751753.133,17.6,143.8,1.51,0.0
1993-05-31,1.45,1.92,3.03,1112.0,1260.0,349000.0,80.3,37869.0,126529.0,110571.0,7.1,64.784,5637.9,155537.0,752943.928,17.5,144.2,1.49,0.0
1993-06-30,1.6,1.77,2.7,1130.0,1280.0,340000.0,81.5,38381.0,130212.0,110742.0,7.0,64.9301,5632.9,155353.0,759904.85,17.8,144.3,1.5,0.0
1993-07-31,1.92,1.7,2.73,1174.0,1254.0,356000.0,77.0,38915.0,128111.0,111054.0,6.9,65.1052,5660.1,158267.0,756227.926,17.7,144.5,1.5,0.0
1993-08-31,2.0,1.57,2.37,1230.0,1300.0,337000.0,77.3,39309.0,129378.0,111200.0,6.8,65.0267,5682.0,157425.0,760103.116,18.0,144.8,1.5,0.0
1993-09-30,2.04,1.51,2.42,1251.0,1343.0,343000.0,77.9,39307.0,127233.0,111448.0,6.7,65.3717,5675.1,158535.0,766871.78,18.1,145.0,1.49,0.0
1993-10-31,1.76,1.44,2.33,1287.0,1392.0,348000.0,82.7,40550.0,133168.0,111734.0,6.8,65.8509,5669.1,159773.0,770147.367,18.1,145.6,1.48,0.0
1993-11-30,2.09,1.61,2.62,1357.0,1376.0,337000.0,81.2,40301.0,130391.0,111987.0,6.6,66.1518,5694.4,162004.0,774098.258,18.6,146.0,1.49,0.0
1993-12-31,2.26,1.58,2.76,1461.0,1533.0,290000.0,88.2,43296.0,133565.0,112325.0,6.5,66.5436,5893.8,163258.0,776545.935,18.3,146.3,1.49,0.0
1994-01-31,1.94,1.58,2.65,1390.0,1272.0,406000.0,94.3,39801.0,138498.0,112601.0,6.6,66.7351,5779.0,162369.0,777430.32,18.6,146.3,1.48,0.0
1994-02-28,1.95,1.48,2.68,1269.0,1337.0,327000.0,93.2,41736.0,137141.0,112782.0,6.6,66.774,5798.0,165075.0,784541.443,19.0,146.7,1.47,0.0
1994-03-31,2.01,1.56,3.21,1342.0,1564.0,322000.0,91.5,41245.0,136548.0,113245.0,6.5,67.4552,5829.4,168330.0,797604.136,19.0,147.1,1.46,0.0
1994-04-30,2.2,1.33,3.09,1392.0,1465.0,344000.0,92.6,42992.0,140336.0,113589.0,6.4,67.8541,5890.5,168262.0,793403.311,19.0,147.2,1.46,0.0
1994-05-31,2.2,1.16,2.86,1396.0,1526.0,348000.0,92.8,42849.0,142630.0,113922.0,6.1,68.1663,5911.1,167412.0,795323.482,19.5,147.5,1.47,0.0
1994-06-30,2.27,1.15,3.08,1357.0,1409.0,341000.0,91.2,44555.0,145063.0,114239.0,6.1,68.6265,5917.5,169337.0,802624.459,18.8,147.9,1.47,0.0
1994-07-31,2.18,1.13,2.73,1335.0,1439.0,332000.0,89.0,44016.0,145013.0,114608.0,6.1,68.7178,5946.4,169514.0,799106.148,19.0,148.4,1.47,0.0
1994-08-31,2.4,1.02,2.51,1377.0,1450.0,341000.0,91.7,44406.0,145884.0,114902.0,6.0,69.1785,5968.7,172332.0,817976.218,18.8,149.0,1.45,0.0
1994-09-30,2.08,1.0,2.82,1412.0,1474.0,325000.0,91.5,44507.0,145487.0,115246.0,5.9,69.3961,6001.5,174018.0,814435.076,18.7,149.3,1.46,0.0
1994-10-31,2.08,0.97,2.61,1397.0,1450.0,331000.0,92.7,45959.0,149547.0,115457.0,5.8,69.9544,6065.3,175309.0,820651.0,19.3,149.4,1.45,0.0
1994-11-30,2.14,0.51,2.19,1340.0,1511.0,329000.0,91.6,45942.0,150038.0,115867.0,5.6,70.4326,6075.4,175761.0,827881.083,18.0,149.8,1.45,0.0
1994-12-31,2.13,0.15,2.16,1396.0,1455.0,319000.0,95.1,46186.0,152489.0,116174.0,5.5,71.1523,6108.1,176168.0,834098.208,17.8,150.1,1.44,0.0
1995-01-31,2.03,0.34,1.6,1282.0,1407.0,324000.0,97.6,47317.0,150459.0,116505.0,5.6,71.2734,6148.6,177136.0,837783.544,17.1,150.5,1.45,0.0
1995-02-28,1.68,0.43,1.28,1254.0,1316.0,336000.0,95.1,46200.0,153856.0,116694.0,5.4,71.193,6173.3,174560.0,833069.631,17.0,150.9,1.46,0.0
1995-03-31,1.57,0.4,1.32,1226.0,1249.0,332000.0,90.3,46095.0,152888.0,116908.0,5.4,71.3113,6200.3,176376.0,832775.237,17.3,151.2,1.48,0.0
1995-04-30,1.19,0.47,1.2,1259.0,1267.0,365000.0,92.5,46776.0,151401.0,117066.0,5.8,71.1882,6223.9,176353.0,826543.692,17.6,151.8,1.48,0.0
1995-05-31,1.04,0.41,0.49,1271.0,1314.0,374000.0,89.8,48401.0,152838.0,117046.0,5.6,71.5378,6238.3,179020.0,832629.842,17.0,152.1,1.49,0.0
1995-06-30,1.15,0.42,0.61,1305.0,1281.0,358000.0,92.7,47970.0,150051.0,117291.0,5.6,71.7749,6267.4,181382.0,840655.39,15.9,152.4,1.48,0.0
1995-07-31,1.13,0.57,0.85,1354.0,1461.0,351000.0,94.4,45962.0,148915.0,117382.0,5.7,71.4748,6296.3,180019.0,830716.88,16.5,152.6,1.49,0.0
1995-08-31,1.62,0.43,0.83,1386.0,1416.0,359000.0,96.2,47502.0,154372.0,117646.0,5.7,72.4223,6319.0,181787.0,847545.417,16.2,152.9,1.48,0.0
1995-09-30,1.5,0.34,0.77,1421.0,1369.0,355000.0,88.9,49431.0,160175.0,117873.0,5.6,72.7144,6347.7,182074.0,846509.63,16.2,153.1,1.47,0.0
1995-10-31,1.75,0.42,0.55,1400.0,1369.0,377000.0,90.2,50283.0,155473.0,118026.0,5.5,72.5866,6373.5,181411.0,846951.822,16.0,153.5,1.49,0.0
1995-11-30,1.48,0.4,0.28,1430.0,1452.0,379000.0,88.2,49798.0,156146.0,118165.0,5.6,72.7779,6394.0,184327.0,853885.107,16.4,153.7,1.48,0.0
1995-12-31,1.46,0.4,0.48,1442.0,1431.0,359000.0,91.0,51221.0,163279.0,118325.0,5.6,73.0305,6417.8,184841.0,857932.126,16.3,153.9,1.45,0.0
1996-01-31,1.47,0.67,0.55,1387.0,1467.0,387000.0,89.3,47931.0,155806.0,118317.0,5.6,72.6125,6453.9,184636.0,849368.258,16.1,154.7,1.5,0.0
1996-02-29,1.45,0.69,1.11,1420.0,1491.0,365000.0,88.5,49183.0,150773.0,118738.0,5.5,73.6752,6517.8,187576.0,857042.936,16.4,155.0,1.5,0.0
1996-03-31,1.42,0.55,1.21,1437.0,1424.0,393000.0,93.7,49780.0,164976.0,118992.0,5.5,73.585,6560.4,188237.0,857469.507,17.3,155.5,1.46,0.0
1996-04-30,1.67,0.63,1.52,1463.0,1516.0,343000.0,92.7,48102.0,156830.0,119158.0,5.6,74.3172,6597.3,189778.0,865141.781,17.6,156.1,1.46,0.0
1996-05-31,1.79,0.58,1.67,1457.0,1504.0,343000.0,89.4,50505.0,164502.0,119497.0,5.6,74.8726,6637.3,191544.0,871724.196,17.0,156.4,1.45,0.0
1996-06-30,2.08,0.62,1.55,1429.0,1467.0,337000.0,92.4,51556.0,164599.0,119770.0,5.3,75.4433,6681.3,189960.0,867614.693,17.6,156.7,1.44,0.0
1996-07-31,2.0,0.58,1.48,1450.0,1472.0,327000.0,94.7,51047.0,163588.0,120019.0,5.5,75.4549,6681.6,191113.0,874466.269,16.7,157.0,1.45,0.0
1996-08-31,2.0,0.62,1.67,1413.0,1557.0,329000.0,95.3,50780.0,157310.0,120198.0,5.1,75.8411,6709.4,191139.0,877467.888,17.3,157.2,1.45,0.0
1996-09-30,1.73,0.62,1.58,1392.0,1475.0,348000.0,94.7,49824.0,165442.0,120400.0,5.2,76.3158,6747.4,193303.0,880151.082,16.8,157.7,1.44,0.0
1996-10-31,1.63,0.6,1.2,1358.0,1392.0,352000.0,96.5,52556.0,165266.0,120665.0,5.2,76.3384,6768.8,195420.0,887041.109,16.3,158.2,1.44,0.0
1996-11-30,1.48,0.47,0.93,1412.0,1489.0,332000.0,99.2,52664.0,170783.0,120947.0,5.4,77.0397,6802.4,194860.0,893603.096,15.9,158.7,1.43,0.0
1996-12-31,1.45,0.55,1.22,1411.0,1370.0,357000.0,96.9,50765.0,162332.0,121143.0,5.4,77.5333,6836.6,195318.0,887167.277,15.6,159.1,1.43,0.0
1997-01-31,1.61,0.59,1.38,1382.0,1355.0,340000.0,97.4,51958.0,161827.0,121356.0,5.3,77.6562,6884.8,197447.0,898609.0,16.0,159.4,1.43,0.0
1997-02-28,1.82,0.47,1.34,1445.0,1486.0,322000.0,99.7,54285.0,170221.0,121673.0,5.2,78.5833,6920.9,198891.0,916958.0,15.8,159.7,1.41,0.0
1997-03-31,2.01,0.47,1.57,1436.0,1457.0,325000.0,100.0,54195.0,167568.0,121991.0,5.2,79.082,6960.8,200352.0,917376.0,15.5,159.8,1.4,0.0
1997-04-30,1.91,0.43,1.44,1421.0,1492.0,337000.0,101.4,55044.0,174054.0,122289.0,5.1,79.1747,6972.8,197212.0,920441.0,15.6,159.9,1.41,0.0
1997-05-31,2.04,0.45,1.71,1414.0,1442.0,321000.0,103.2,53924.0,168586.0,122560.0,4.9,79.6133,7001.3,196937.0,920215.0,15.4,159.9,1.42,0.0
1997-06-30,1.94,0.43,1.26,1402.0,1494.0,322000.0,104.5,55972.0,174828.0,122816.0,5.0,79.9792,7035.8,199311.0,932603.0,15.5,160.2,1.42,0.0
1997-07-31,2.03,0.28,0.77,1440.0,1437.0,306000.0,107.1,58969.0,178860.0,123114.0,4.9,80.6624,7071.7,201751.0,942048.0,16.4,160.4,1.41,0.0
1997-08-31,1.58,0.37,1.1,1449.0,1390.0,332000.0,104.4,58232.0,177302.0,123087.0,4.8,81.4694,7119.4,201892.0,939378.0,16.0,160.8,1.41,0.0
1997-09-30,1.93,0.32,1.06,1494.0,1546.0,317000.0,106.0,60143.0,177835.0,123575.0,4.9,82.2156,7158.1,202992.0,946972.0,15.9,161.2,1.41,0.0
1997-10-31,2.02,0.21,0.63,1499.0,1520.0,306000.0,105.6,57582.0,177801.0,123924.0,4.7,82.9446,7205.1,203055.0,944230.0,16.1,161.5,1.42,0.0
1997-11-30,2.05,0.1,0.64,1469.0,1510.0,318000.0,107.2,57967.0,191187.0,124225.0,4.6,83.5978,7257.0,202778.0,954274.0,15.4,161.7,1.41,0.0
1997-12-31,2.09,0.09,0.39,1456.0,1566.0,303000.0,102.1,58401.0,173770.0,124549.0,4.7,83.9538,7300.0,203837.0,951871.0,15.9,161.8,1.42,0.0
1998-01-31,1.88,0.21,0.34,1555.0,1525.0,315000.0,106.6,56811.0,174288.0,124806.0,4.6,84.3218,7368.9,204505.0,953719.0,15.6,162.0,1.43,0.0
1998-02-28,1.87,0.07,0.3,1647.0,1584.0,317000.0,110.4,59362.0,181270.0,125017.0,4.6,84.4583,7416.5,204207.0,967109.0,15.4,162.0,1.42,0.0
1998-03-31,1.66,0.07,0.51,1605.0,1567.0,312000.0,106.5,57672.0,176886.0,125165.0,4.7,84.488,7464.0,205311.0,971898.0,14.5,162.0,1.43,0.0
1998-04-30,1.88,0.09,0.68,1547.0,1540.0,311000.0,108.7,55909.0,180915.0,125445.0,4.3,84.7779,7501.7,208683.0,973216.0,14.7,162.2,1.43,0.0
1998-05-31,1.98,0.03,0.53,1554.0,1536.0,322000.0,106.5,58575.0,180634.0,125845.0,4.4,85.3367,7547.0,209165.0,976540.0,14.7,162.6,1.43,0.0
1998-06-30,1.68,-0.05,0.34,1551.0,1641.0,376000.0,105.6,59020.0,172189.0,126076.0,4.5,84.8248,7584.4,211222.0,972634.0,14.1,162.8,1.44,0.0
1998-07-31,1.67,0.01,0.4,1610.0,1698.0,335000.0,105.2,56670.0,170459.0,126212.0,4.5,84.4986,7616.9,209658.0,966951.0,14.1,163.2,1.45,0.0
1998-08-31,1.69,0.14,0.09,1654.0,1614.0,310000.0,104.4,57658.0,179033.0,126546.0,4.5,86.248,7656.2,207737.0,977500.0,13.7,163.4,1.44,0.0
1998-09-30,1.95,0.14,0.07,1577.0,1582.0,294000.0,100.9,60257.0,181422.0,126744.0,4.6,86.2021,7678.1,210112.0,986814.0,14.4,163.5,1.44,0.0
1998-10-31,1.69,0.52,0.31,1719.0,1715.0,308000.0,97.4,56319.0,178527.0,126949.0,4.5,86.7914,7708.8,213794.0,995183.0,14.1,163.9,1.43,0.0
1998-11-30,1.74,0.2,0.17,1672.0,1660.0,310000.0,102.7,58162.0,182400.0,127222.0,4.4,86.7256,7745.7,215194.0,999456.0,14.5,164.1,1.43,0.0
1998-12-31,1.89,0.11,0.17,1742.0,1792.0,336000.0,100.5,60818.0,178424.0,127595.0,4.4,87.1185,7771.8,217396.0,1007152.0,14.0,164.4,1.42,0.0
1999-01-31,1.66,0.08,0.18,1732.0,1748.0,305000.0,103.9,57160.0,186527.0,127699.0,4.3,87.4949,7813.1,217930.0,1005803.0,13.4,164.7,1.42,0.0
1999-02-28,1.87,0.16,0.63,1720.0,1670.0,301000.0,108.1,58576.0,185546.0,128117.0,4.4,88.027,7840.9,220769.0,1021353.0,13.8,164.7,1.41,0.0
1999-03-31,1.86,0.26,0.76,1665.0,1710.0,298000.0,105.7,59657.0,184689.0,128234.0,4.2,88.2267,7855.9,222199.0,1019851.0,13.4,164.8,1.42,0.0
1999-04-30,1.8,0.28,0.81,1600.0,1553.0,291000.0,104.6,58929.0,182993.0,128595.0,4.3,88.4295,7871.1,223837.0,1018152.0,13.3,165.9,1.42,0.0
1999-05-31,1.68,0.22,0.98,1640.0,1611.0,303000.0,106.8,59814.0,185963.0,128813.0,4.2,88.9886,7894.2,225577.0,1033086.0,13.4,166.0,1.4,0.0
1999-06-30,1.67,0.28,1.03,1702.0,1559.0,291000.0,107.3,59045.0,182590.0,129084.0,4.3,88.9188,7925.1,226474.0,1034140.0,14.3,166.0,1.4,0.0
1999-07-31,1.86,0.29,1.17,1682.0,1669.0,300000.0,106.0,62074.0,189083.0,129422.0,4.3,89.4333,7965.8,228424.0,1035484.0,13.6,166.7,1.4,0.0
1999-08-31,1.74,0.25,1.0,1671.0,1648.0,290000.0,104.5,61732.0,189414.0,129572.0,4.2,89.7924,8016.9,230902.0,1043658.0,13.1,167.1,1.39,0.0
1999-09-30,1.62,0.27,1.02,1551.0,1635.0,306000.0,107.2,63231.0,188910.0,129771.0,4.2,89.4299,8041.2,231912.0,1041766.0,13.1,167.8,1.39,0.0
1999-10-31,1.69,0.23,0.9,1649.0,1608.0,285000.0,103.2,61451.0,194547.0,130178.0,4.1,90.523,8102.4,231254.0,1050919.0,13.3,168.1,1.39,0.0
1999-11-30,1.96,0.17,0.88,1672.0,1648.0,288000.0,107.2,61849.0,186597.0,130466.0,4.1,90.9618,8165.3,234425.0,1056351.0,12.9,168.4,1.39,0.0
1999-12-31,1.9,0.21,1.12,1683.0,1708.0,268000.0,105.4,65451.0,196344.0,130783.0,4.0,91.6634,8251.2,239589.0,1060927.0,12.9,168.8,1.39,0.0
2000-01-31,1.61,0.07,0.92,1727.0,1636.0,285000.0,112.0,63975.0,201360.0,131011.0,4.0,91.538,8348.0,237541.0,1069375.0,13.1,169.3,1.38,0.0
2000-02-29,1.48,-0.11,0.64,1692.0,1737.0,280000.0,111.3,58497.0,183911.0,131120.0,4.1,91.8239,8408.8,241541.0,1050132.0,12.6,170.0,1.4,0.0
2000-03-31,1.88,-0.47,0.15,1651.0,1604.0,272000.0,107.1,63642.0,192130.0,131604.0,4.0,92.1504,8468.3,244533.0,1062548.0,12.7,171.0,1.38,0.0
2000-04-30,2.13,-0.45,0.41,1597.0,1626.0,291000.0,109.2,64414.0,195044.0,131884.0,3.8,92.6989,8506.8,239552.0,1071378.0,12.4,170.9,1.39,0.0
2000-05-31,1.85,-0.4,0.66,1543.0,1575.0,280000.0,110.7,63753.0,188606.0,132105.0,4.0,92.9499,8544.5,241546.0,1065692.0,12.6,171.2,1.4,0.0
2000-06-30,1.26,-0.35,0.15,1572.0,1559.0,296000.0,106.4,68292.0,219745.0,132063.0,4.0,92.9862,8597.8,243226.0,1072737.0,12.3,172.2,1.4,0.0
2000-07-31,0.99,-0.26,-0.23,1542.0,1463.0,298000.0,108.3,63581.0,189265.0,132228.0,4.0,92.8048,8665.3,240979.0,1065977.0,13.4,172.7,1.41,0.0
2000-08-31,1.05,-0.45,-0.58,1552.0,1541.0,312000.0,107.3,64759.0,188730.0,132234.0,4.1,92.5521,8712.2,242318.0,1066347.0,12.9,172.7,1.42,0.0
2000-09-30,1.06,-0.18,-0.43,1570.0,1507.0,292000.0,106.8,66733.0,199947.0,132337.0,3.9,92.9792,8757.7,245520.0,1077852.0,12.2,173.6,1.4,0.0
2000-10-31,1.19,-0.17,-0.61,1577.0,1549.0,301000.0,105.8,63580.0,186158.0,132352.0,3.9,92.6179,8792.1,245399.0,1069627.0,12.7,173.9,1.42,0.0
2000-11-30,0.97,-0.13,-0.73,1614.0,1551.0,356000.0,107.6,62569.0,189392.0,132556.0,3.9,92.6438,8809.9,243846.0,1061839.0,12.4,174.2,1.43,0.0
2000-12-31,0.8,0.01,-0.77,1543.0,1532.0,353000.0,98.4,62554.0,188659.0,132716.0,3.9,92.3415,8844.0,243844.0,1070164.0,12.5,174.6,1.42,0.0
2001-01-31,0.95,0.57,0.2,1699.0,1600.0,362000.0,94.7,60808.0,177056.0,132703.0,4.2,91.902,8940.9,247339.0,1061578.0,12.7,175.6,1.43,0.0
2001-02-28,0.66,0.51,0.07,1656.0,1625.0,386000.0,90.6,60697.0,180276.0,132788.0,4.2,91.3034,8975.8,247289.0,1066262.0,12.8,176.0,1.42,0.0
2001-03-31,0.46,0.75,0.63,1659.0,1590.0,388000.0,91.5,58146.0,182209.0,132751.0,4.3,91.1162,9009.4,244514.0,1053481.0,12.8,176.1,1.44,0.0
2001-04-30,0.26,1.05,1.4,1666.0,1649.0,406000.0,88.4,54841.0,171850.0,132458.0,4.4,90.7891,9008.9,249113.0,1045172.0,12.4,176.4,1.45,1.0
2001-05-31,0.44,1.21,1.8,1665.0,1605.0,405000.0,92.0,56599.0,177749.0,132408.0,4.3,90.3555,9011.1,250250.0,1054208.0,12.1,177.3,1.43,1.0
2001-06-30,0.6,1.17,1.77,1626.0,1636.0,394000.0,92.6,55428.0,176350.0,132300.0,4.5,89.8784,9017.1,248836.0,1039840.0,12.7,177.7,1.44,1.0
2001-07-31,0.28,1.28,1.53,1598.0,1670.0,388000.0,92.4,53436.0,170129.0,132172.0,4.6,89.3028,9014.6,247336.0,1043806.0,12.9,177.4,1.43,1.0
2001-08-31,0.39,1.21,1.48,1615.0,1567.0,395000.0,91.5,54169.0,170484.0,132021.0,4.9,89.2003,9001.4,249590.0,1052430.0,13.3,177.4,1.42,1.0
2001-09-30,-0.08,1.74,2.2,1565.0,1562.0,517000.0,81.8,50735.0,164123.0,131763.0,5.0,88.7485,8975.3,243130.0,1030304.0,13.2,178.1,1.44,1.0
2001-10-31,-0.32,1.86,2.25,1566.0,1540.0,483000.0,82.7,49736.0,171530.0,131452.0,5.3,88.5052,8987.3,262862.0,1060915.0,13.3,177.6,1.39,1.0
2001-11-30,-0.4,1.94,3.0,1651.0,1602.0,491000.0,83.9,51335.0,163811.0,131144.0,5.5,87.97,8985.1,254084.0,1055757.0,14.3,177.5,1.39,1.0
2001-12-31,-0.05,2.0,3.33,1680.0,1568.0,421000.0,88.8,51290.0,165304.0,130983.0,5.7,87.9324,8990.7,249879.0,1057834.0,14.5,177.4,1.39,0.0
2002-01-31,0.53,1.91,3.31,1665.0,1698.0,414000.0,93.0,47643.0,163324.0,130859.0,5.7,88.5176,9015.6,250603.0,1056809.0,14.7,177.7,1.39,0.0
2002-02-28,0.71,1.82,3.09,1787.0,1829.0,398000.0,90.7,50422.0,172406.0,130737.0,5.7,88.5278,9031.9,252279.0,1060653.0,15.0,178.0,1.37,0.0
2002-03-31,0.51,1.7,3.63,1691.0,1642.0,479000.0,95.7,47371.0,167853.0,130722.0,5.7,89.1686,9050.7,251542.0,1055421.0,15.4,178.5,1.37,0.0
2002-04-30,0.61,1.87,3.34,1669.0,1592.0,414000.0,93.0,49964.0,171852.0,130616.0,5.9,89.604,9099.9,254543.0,1067559.0,16.3,179.3,1.35,0.0
2002-05-31,0.73,1.86,3.34,1716.0,1764.0,403000.0,96.9,50680.0,171854.0,130632.0,5.8,89.964,9131.0,252390.0,1069774.0,16.8,179.5,1.35,0.0
2002-06-30,0.99,1.96,3.16,1758.0,1717.0,386000.0,92.4,48847.0,166070.0,130674.0,5.8,90.7061,9164.8,253652.0,1073259.0,16.9,179.6,1.35,0.0
2002-07-31,1.12,2.28,2.8,1738.0,1655.0,390000.0,88.1,49531.0,174282.0,130584.0,5.8,90.6769,9157.5,257339.0,1070268.0,16.9,180.0,1.35,0.0
2002-08-31,0.91,2.0,2.45,1695.0,1633.0,394000.0,87.6,51112.0,177126.0,130581.0,5.7,90.5762,9175.3,259050.0,1080545.0,16.5,180.5,1.34,0.0
2002-09-30,0.97,1.91,2.06,1803.0,1804.0,409000.0,86.1,48089.0,166838.0,130502.0,5.7,90.6531,9197.1,254081.0,1071285.0,17.6,180.8,1.36,0.0
2002-10-31,0.88,2.25,2.49,1799.0,1648.0,409000.0,80.6,49106.0,169134.0,130617.0,5.7,90.4643,9229.6,256131.0,1066346.0,17.8,181.2,1.36,0.0
2002-11-30,0.72,2.14,3.0,1771.0,1753.0,377000.0,84.2,49620.0,170023.0,130616.0,5.9,90.9711,9258.8,256350.0,1077771.0,17.6,181.5,1.35,0.0
2002-12-31,0.66,2.22,2.61,1896.0,1788.0,409000.0,86.7,48744.0,163962.0,130465.0,6.0,90.4652,9288.3,259206.0,1069405.0,18.5,181.8,1.37,0.0
2003-01-31,0.91,2.28,2.82,1808.0,1853.0,407000.0,82.4,48896.0,169994.0,130573.0,5.8,91.2361,9290.1,261394.0,1075692.0,18.5,182.6,1.35,0.0
2003-02-28,0.69,2.18,2.51,1854.0,1629.0,421000.0,79.9,49128.0,174113.0,130441.0,5.9,91.3445,9296.2,257531.0,1063803.0,18.5,183.6,1.36,0.0
2003-03-31,0.47,2.32,2.69,1757.0,1726.0,436000.0,77.6,51757.0,172245.0,130235.0,5.9,91.1044,9333.8,260566.0,1073501.0,18.1,183.9,1.35,0.0
2003-04-30,0.26,2.38,2.76,1803.0,1643.0,444000.0,86.0,49199.0,169347.0,130173.0,6.0,90.5617,9356.4,261375.0,1070393.0,19.4,183.2,1.37,0.0
2003-05-31,0.47,2.04,2.26,1835.0,1751.0,431000.0,92.1,50849.0,171542.0,130197.0,6.1,90.537,9414.4,261392.0,1079781.0,19.0,182.9,1.37,0.0
2003-06-30,0.56,2.22,2.64,1875.0,1867.0,429000.0,89.7,49941.0,173507.0,130186.0,6.3,90.6527,9455.3,265331.0,1089890.0,19.9,183.1,1.34,0.0
2003-07-31,0.93,2.69,3.53,1885.0,1897.0,398000.0,90.9,49408.0,173320.0,130184.0,6.2,91.1185,9491.6,267683.0,1098175.0,19.7,183.7,1.33,0.0
2003-08-31,1.13,2.5,3.47,1966.0,1833.0,407000.0,89.3,50447.0,173044.0,130153.0,6.1,90.9197,9538.8,270612.0,1097724.0,19.2,184.5,1.32,0.0
2003-09-30,1.49,2.46,3.01,1961.0,1939.0,387000.0,87.7,51971.0,178690.0,130252.0,6.1,91.5059,9582.5,270212.0,1102189.0,19.5,185.1,1.31,0.0
2003-10-31,1.56,2.48,3.37,2012.0,1967.0,379000.0,89.6,51088.0,183704.0,130439.0,6.0,91.6186,9620.4,269060.0,1104794.0,19.3,184.9,1.31,0.0
2003-11-30,1.53,2.28,3.41,1918.0,2083.0,357000.0,93.7,52318.0,181685.0,130480.0,5.8,92.2329,9688.2,270161.0,1109066.0,19.9,185.0,1.31,0.0
2003-12-31,1.78,2.43,3.32,1987.0,2057.0,349000.0,92.6,53325.0,181513.0,130589.0,5.7,92.2602,9713.2,271550.0,1105930.0,19.8,185.5,1.31,0.0
2004-01-31,1.51,2.32,3.24,1952.0,1911.0,376000.0,103.8,50190.0,178696.0,130756.0,5.7,92.4006,9731.8,272465.0,1100415.0,19.9,186.3,1.31,0.0
2004-02-29,1.47,2.33,3.03,1966.0,1846.0,348000.0,94.4,51210.0,181662.0,130821.0,5.6,92.958,9765.4,274360.0,1108947.0,20.1,186.7,1.3,0.0
2004-03-31,1.61,2.26,2.91,2066.0,1998.0,340000.0,95.8,54995.0,190869.0,131140.0,5.8,92.5861,9815.8,279692.0,1134983.0,19.8,187.1,1.28,0.0
2004-04-30,1.64,2.22,3.55,2070.0,2003.0,339000.0,94.2,52065.0,184368.0,131412.0,5.6,92.93,9865.8,277625.0,1122891.0,19.6,187.4,1.29,0.0
2004-05-31,1.8,2.12,3.58,2150.0,1981.0,337000.0,90.2,52405.0,183459.0,131697.0,5.6,93.6013,9950.0,281281.0,1126018.0,19.8,188.2,1.29,0.0
2004-06-30,1.53,1.92,3.29,2020.0,1828.0,348000.0,95.6,53213.0,185640.0,131794.0,5.6,92.871,9988.4,279141.0,1124971.0,20.5,188.9,1.3,0.0
2004-07-31,1.57,1.82,3.05,2112.0,2002.0,341000.0,96.7,53699.0,186835.0,131854.0,5.5,93.5649,10033.0,281350.0,1126633.0,18.8,189.1,1.31,0.0
2004-08-31,1.47,1.72,2.54,2056.0,2024.0,352000.0,95.9,51950.0,183728.0,131939.0,5.4,93.6277,10078.2,281006.0,1136416.0,18.8,189.2,1.31,0.0
2004-09-30,1.38,1.51,2.43,2041.0,1905.0,351000.0,94.2,56227.0,188444.0,132089.0,5.4,93.7467,10110.5,286866.0,1141076.0,19.4,189.8,1.3,0.0
2004-10-31,1.38,1.49,2.14,2097.0,2072.0,332000.0,91.7,53948.0,185187.0,132429.0,5.5,94.5465,10159.3,287700.0,1143491.0,19.5,190.8,1.29,0.0
2004-11-30,1.5,1.34,2.13,2079.0,1782.0,335000.0,92.8,55318.0,192545.0,132503.0,5.4,94.7813,10171.5,289679.0,1145583.0,19.7,191.7,1.29,0.0
2004-12-31,1.37,1.16,2.02,2082.0,2042.0,320000.0,97.1,56631.0,193578.0,132630.0,5.4,95.5365,10520.8,293401.0,1163441.0,19.4,191.7,1.28,0.0
2005-01-31,1.16,0.85,1.63,2139.0,2144.0,331000.0,95.5,57884.0,194875.0,132781.0,5.3,95.8801,10247.0,290111.0,1167649.0,19.5,191.6,1.29,0.0
2005-02-28,1.54,0.77,1.6,2114.0,2207.0,314000.0,94.1,57580.0,196475.0,133034.0,5.4,96.5761,10282.7,293710.0,1168023.0,19.1,192.4,1.29,0.0
2005-03-31,1.39,0.7,1.71,2062.0,1864.0,342000.0,92.6,56576.0,186608.0,133154.0,5.2,96.4456,10347.9,294743.0,1160056.0,19.5,193.1,1.29,0.0
2005-04-30,1.64,0.55,1.31,2150.0,2061.0,334000.0,87.7,58138.0,194847.0,133520.0,5.2,96.6532,10412.1,297153.0,1177581.0,19.6,193.7,1.28,0.0
2005-05-31,1.31,0.4,1.01,2085.0,2025.0,340000.0,86.9,57105.0,206623.0,133689.0,5.1,96.7402,10464.1,295314.0,1175330.0,18.6,193.6,1.29,0.0
2005-06-30,1.67,0.28,0.81,2178.0,2068.0,311000.0,96.0,58903.0,210020.0,133948.0,5.0,97.1753,10498.0,305083.0,1186461.0,17.9,193.7,1.27,0.0
2005-07-31,1.68,0.26,0.86,2203.0,2054.0,316000.0,96.5,57606.0,194475.0,134300.0,5.0,96.8676,10558.3,307320.0,1185681.0,17.6,194.9,1.26,0.0
2005-08-31,1.78,0.18,0.5,2219.0,2095.0,318000.0,89.1,60352.0,204839.0,134502.0,4.9,97.1833,10619.6,303216.0,1188599.0,18.4,196.1,1.26,0.0
2005-09-30,1.3,0.16,0.79,2263.0,2151.0,359000.0,76.9,58344.0,203997.0,134552.0,5.0,95.3005,10687.7,304187.0,1182865.0,17.9,198.8,1.25,0.0
2005-10-31,1.35,0.17,0.59,2170.0,2065.0,322000.0,74.2,59751.0,209901.0,134641.0,5.0,96.4572,10767.3,303989.0,1182725.0,17.9,199.1,1.25,0.0
2005-11-30,1.51,0.07,0.54,2218.0,2147.0,311000.0,81.6,60459.0,220733.0,134997.0,5.0,97.5414,10815.4,306566.0,1198972.0,17.5,198.1,1.25,0.0
2005-12-31,1.7,-0.02,0.31,2120.0,1994.0,302000.0,91.5,61271.0,221499.0,135159.0,4.9,98.0452,10853.1,306723.0,1205870.0,17.5,198.1,1.25,0.0
2006-01-31,1.85,-0.01,0.06,2212.0,2273.0,282000.0,91.2,62469.0,209540.0,135427.0,4.7,98.1999,11038.6,315566.0,1212206.0,16.9,199.3,1.25,0.0
2006-02-28,1.62,-0.14,-0.07,2141.0,2119.0,293000.0,86.7,62592.0,219738.0,135733.0,4.8,98.2413,11102.6,313440.0,1215079.0,17.8,199.4,1.25,0.0
2006-03-31,1.58,0.04,0.23,2118.0,1969.0,295000.0,88.9,65096.0,227188.0,136038.0,4.7,98.4628,11171.8,314471.0,1217128.0,17.1,199.7,1.26,0.0
2006-04-30,1.43,0.2,0.3,1998.0,1821.0,321000.0,87.4,63272.0,214625.0,136210.0,4.7,98.7618,11229.5,316094.0,1205627.0,16.7,200.7,1.27,0.0
2006-05-31,1.08,0.08,0.26,1905.0,1942.0,330000.0,79.1,64145.0,215819.0,136249.0,4.6,98.7869,11251.1,314919.0,1215535.0,17.1,201.3,1.27,0.0
2006-06-30,1.13,-0.01,0.14,1867.0,1802.0,309000.0,84.9,63601.0,221220.0,136337.0,4.6,99.0997,11292.8,316978.0,1212189.0,16.6,201.8,1.27,0.0
2006-07-31,0.72,0.02,-0.11,1763.0,1737.0,311000.0,84.7,63922.0,209494.0,136529.0,4.7,99.0489,11322.1,317984.0,1206927.0,17.1,202.9,1.29,0.0
2006-08-31,1.01,-0.05,-0.31,1722.0,1650.0,314000.0,82.0,64379.0,210473.0,136692.0,4.7,99.4836,11346.8,318802.0,1213695.0,17.1,203.8,1.28,0.0
2006-09-30,0.88,-0.07,-0.25,1655.0,1720.0,309000.0,85.4,66981.0,234701.0,136826.0,4.5,99.3183,11383.9,316400.0,1213475.0,17.1,202.8,1.31,0.0
2006-10-31,1.08,-0.1,-0.47,1570.0,1491.0,328000.0,93.6,66492.0,216952.0,136843.0,4.4,99.2044,11417.8,316145.0,1214355.0,16.3,201.9,1.32,0.0
2006-11-30,0.82,-0.16,-0.57,1535.0,1570.0,349000.0,92.1,66484.0,224809.0,137060.0,4.5,99.1627,11479.3,317123.0,1215059.0,16.2,202.0,1.31,0.0
2006-12-31,1.0,-0.11,-0.31,1638.0,1649.0,341000.0,91.7,65935.0,229243.0,137249.0,4.4,100.1735,11587.6,320312.0,1234494.0,16.1,203.1,1.28,0.0
2007-01-31,1.28,-0.11,-0.29,1626.0,1409.0,308000.0,96.9,64155.0,222969.0,137472.0,4.6,99.8346,11647.1,320305.0,1226965.0,16.3,203.437,1.3,0.0
2007-02-28,1.09,-0.09,-0.6,1598.0,1480.0,322000.0,91.3,63735.0,220962.0,137560.0,4.5,100.7753,11734.2,321434.0,1234327.0,16.7,204.226,1.29,0.0
2007-03-31,1.34,0.07,-0.39,1596.0,1495.0,307000.0,88.4,66936.0,229526.0,137784.0,4.4,100.9547,11821.4,323708.0,1235875.0,17.8,205.288,1.28,0.0
2007-04-30,1.04,0.03,-0.28,1470.0,1490.0,301000.0,87.1,66118.0,233420.0,137847.0,4.5,101.6334,11868.1,322878.0,1233744.0,16.9,205.904,1.28,0.0
2007-05-31,1.21,-0.02,0.17,1493.0,1415.0,310000.0,88.3,64975.0,228836.0,137992.0,4.4,101.7306,11908.7,327266.0,1242000.0,16.6,206.755,1.27,0.0
2007-06-30,0.7,0.16,0.21,1407.0,1448.0,317000.0,85.3,64874.0,228868.0,138070.0,4.6,101.7893,11929.2,324076.0,1240587.0,16.5,207.234,1.28,0.0
2007-07-31,0.51,0.22,-0.18,1361.0,1354.0,305000.0,90.4,64902.0,233176.0,138044.0,4.7,101.6672,11955.7,325455.0,1233195.0,17.2,207.603,1.29,0.0
2007-08-31,0.55,0.39,0.53,1321.0,1330.0,329000.0,83.4,66265.0,235758.0,138013.0,4.6,101.863,11963.1,327444.0,1248674.0,17.0,207.667,1.28,0.0
2007-09-30,0.4,0.62,0.77,1261.0,1183.0,317000.0,83.4,65393.0,226473.0,138099.0,4.7,102.0894,12025.5,328668.0,1249279.0,16.3,208.547,1.28,0.0
2007-10-31,0.61,0.54,0.54,1192.0,1264.0,328000.0,80.9,64974.0,230700.0,138175.0,4.7,101.8015,12046.8,330544.0,1255916.0,17.0,209.19,1.27,0.0
2007-11-30,0.43,0.93,0.82,1224.0,1197.0,352000.0,76.1,65466.0,227005.0,138290.0,4.7,102.3446,12102.8,334021.0,1252867.0,17.3,210.834,1.26,0.0
2007-12-31,0.25,0.99,0.68,1149.0,1037.0,360000.0,75.5,68096.0,244443.0,138395.0,5.0,102.3803,12182.7,329259.0,1242662.0,16.6,211.445,1.28,0.0
2008-01-31,0.41,1.5,1.71,1094.0,1084.0,366000.0,78.4,68408.0,239389.0,138391.0,5.0,102.2448,12227.8,330478.0,1248910.0,17.5,212.174,1.27,1.0
2008-02-29,0.32,1.88,1.68,1014.0,1103.0,354000.0,70.8,66568.0,235037.0,138329.0,4.9,101.8438,12264.9,327869.0,1236974.0,16.9,212.687,1.28,1.0
2008-03-31,0.19,1.83,2.07,967.0,1005.0,387000.0,69.5,66526.0,234868.0,138259.0,5.1,101.5336,12314.7,328493.0,1220580.0,16.5,213.448,1.28,1.0
2008-04-30,0.18,1.48,2.34,1008.0,1013.0,370000.0,62.6,69373.0,231086.0,138040.0,5.0,100.8785,12302.6,328037.0,1233018.0,16.9,213.942,1.26,1.0
2008-05-31,0.0,1.4,2.17,995.0,973.0,362000.0,59.8,68443.0,227370.0,137851.0,5.4,100.2674,12879.3,331088.0,1224494.0,16.6,215.208,1.26,1.0
2008-06-30,-0.12,1.36,2.09,1180.0,1046.0,392000.0,56.4,67754.0,229262.0,137700.0,5.6,100.0335,12661.0,331764.0,1222857.0,17.1,217.463,1.25,1.0
2008-07-31,-0.41,1.47,2.31,921.0,923.0,434000.0,61.2,67856.0,220411.0,137497.0,5.8,99.676,12514.8,330301.0,1201769.0,17.0,219.016,1.26,1.0
2008-08-31,-0.79,1.47,2.11,858.0,844.0,442000.0,63.0,66142.0,214106.0,137211.0,6.1,98.1111,12426.0,327296.0,1192943.0,17.7,218.69,1.29,1.0
2008-09-30,-0.6,1.85,2.93,797.0,820.0,483000.0,70.3,63854.0,215245.0,136760.0,6.1,93.7895,12445.0,321568.0,1163601.0,18.6,218.877,1.31,1.0
2008-10-31,-1.18,2.45,3.55,736.0,777.0,480000.0,57.6,59330.0,191912.0,136291.0,6.5,94.7219,12446.5,308968.0,1152758.0,19.9,216.995,1.36,1.0
2008-11-30,-1.77,1.93,2.92,626.0,652.0,529000.0,55.3,60759.0,181552.0,135541.0,6.8,93.4715,12387.1,295396.0,1121305.0,18.9,213.153,1.44,1.0
2008-12-31,-1.88,1.49,2.14,554.0,560.0,533000.0,60.1,55512.0,173849.0,134847.0,7.3,90.8357,12238.5,287571.0,1115214.0,19.9,211.398,1.47,1.0
2009-01-31,-2.32,1.93,2.63,545.0,490.0,629000.0,61.2,49530.0,151085.0,134079.0,7.8,88.57,12125.6,292449.0,1091570.0,19.8,211.933,1.48,1.0
2009-02-28,-2.29,2.02,2.76,558.0,582.0,652000.0,56.3,50163.0,148834.0,133318.0,8.3,88.031,12007.4,291429.0,1098345.0,20.2,212.705,1.45,1.0
2009-03-31,-2.65,1.9,2.5,513.0,505.0,665000.0,57.3,49254.0,146323.0,132494.0,8.7,86.6528,11965.3,286022.0,1075682.0,20.9,212.495,1.47,1.0
2009-04-30,-2.21,2.25,3.02,521.0,478.0,620000.0,65.1,47096.0,147467.0,131822.0,9.0,85.9344,12009.4,287530.0,1067305.0,21.7,212.709,1.45,1.0
2009-05-31,-1.29,2.55,3.33,556.0,540.0,607000.0,68.7,48652.0,149255.0,131466.0,9.4,85.0665,12179.6,290215.0,1067765.0,22.4,213.022,1.43,1.0
2009-06-30,-0.77,2.42,3.34,601.0,585.0,594000.0,70.8,50533.0,147033.0,131008.0,9.5,84.7459,12042.9,295458.0,1066077.0,23.9,214.79,1.38,1.0
2009-07-31,-0.21,2.39,3.34,595.0,594.0,587000.0,66.0,50984.0,153691.0,130662.0,9.5,85.7027,11998.4,296928.0,1081824.0,25.1,214.726,1.36,0.0
2009-08-31,-0.06,2.43,3.25,616.0,586.0,564000.0,65.7,49900.0,157489.0,130472.0,9.6,86.6426,12011.2,302871.0,1082444.0,25.3,215.445,1.32,0.0
2009-09-30,0.3,2.36,3.17,609.0,585.0,554000.0,73.5,53034.0,158041.0,130246.0,9.8,87.4063,12061.1,294449.0,1083725.0,26.6,215.861,1.31,0.0
2009-10-31,0.17,2.51,3.36,583.0,534.0,522000.0,70.6,51978.0,161097.0,130061.0,10.0,87.6419,12069.4,298067.0,1089060.0,27.5,216.509,1.31,0.0
2009-11-30,0.46,2.54,3.15,623.0,588.0,475000.0,67.4,52771.0,160419.0,130057.0,9.9,88.0221,12129.6,300583.0,1097236.0,28.9,217.234,1.29,0.0
2009-12-31,0.65,2.71,3.79,664.0,581.0,468000.0,72.5,54616.0,160520.0,129808.0,9.9,88.3793,12188.2,301959.0,1100924.0,29.7,217.347,1.28,0.0
2010-01-31,0.54,2.81,3.55,636.0,614.0,496000.0,74.4,52331.0,181016.0,129802.0,9.8,89.3426,12267.7,302325.0,1097775.0,30.3,217.488,1.27,0.0
2010-02-28,0.76,2.8,3.48,650.0,604.0,488000.0,73.6,53488.0,180450.0,129706.0,9.8,89.6779,12267.6,302310.0,1105025.0,29.8,217.281,1.28,0.0
2010-03-31,1.1,2.82,3.68,687.0,636.0,459000.0,73.6,56487.0,182148.0,129866.0,9.9,90.2928,12330.9,309525.0,1119036.0,31.6,217.353,1.26,0.0
2010-04-30,1.14,2.72,3.53,637.0,687.0,449000.0,72.2,52283.0,182948.0,130120.0,9.9,90.5991,12441.8,312143.0,1129045.0,33.3,217.403,1.25,0.0
2010-05-31,1.42,2.55,3.15,575.0,583.0,458000.0,73.6,57262.0,189932.0,130642.0,9.6,91.823,12543.7,309158.0,1125510.0,34.0,217.29,1.26,0.0
2010-06-30,1.45,2.36,2.79,587.0,536.0,464000.0,76.0,59605.0,185667.0,130510.0,9.4,91.9928,12550.7,308588.0,1136355.0,34.5,217.199,1.27,0.0
2010-07-31,1.41,2.39,2.79,579.0,546.0,476000.0,67.8,56474.0,187506.0,130415.0,9.4,92.3421,12588.7,309543.0,1145984.0,33.9,217.605,1.27,0.0
2010-08-31,0.89,2.0,2.33,580.0,599.0,467000.0,68.9,58224.0,191745.0,130415.0,9.5,92.6805,12652.9,310761.0,1146566.0,33.7,217.923,1.27,0.0
2010-09-30,0.51,2.11,2.37,563.0,594.0,459000.0,68.2,60134.0,201932.0,130341.0,9.5,92.9537,12673.4,313785.0,1146388.0,33.4,218.275,1.28,0.0
2010-10-31,0.79,2.29,2.51,558.0,543.0,453000.0,67.7,57479.0,193066.0,130620.0,9.4,92.6903,12723.6,317699.0,1152306.0,34.0,219.035,1.27,0.0
2010-11-30,1.4,2.36,2.64,560.0,545.0,432000.0,71.6,60405.0,197202.0,130749.0,9.8,92.7709,12765.5,320695.0,1155595.0,33.9,219.59,1.27,0.0
2010-12-31,1.52,2.69,3.18,632.0,539.0,404000.0,74.5,61939.0,193452.0,130830.0,9.3,93.6787,12873.1,323421.0,1157650.0,34.7,220.472,1.27,0.0
2011-01-31,1.43,2.84,3.27,576.0,630.0,420000.0,74.2,60963.0,203636.0,130837.0,9.1,93.4814,13080.7,325674.0,1171839.0,37.2,221.187,1.25,0.0
2011-02-28,1.49,2.73,3.27,542.0,517.0,385000.0,77.5,59078.0,196393.0,131057.0,9.0,93.1102,13155.6,328049.0,1155055.0,37.4,221.898,1.26,0.0
2011-03-31,1.65,2.67,3.38,583.0,600.0,399000.0,67.5,62497.0,212748.0,131283.0,9.0,94.0788,13178.2,331161.0,1168286.0,39.1,223.046,1.24,0.0
2011-04-30,1.53,2.71,3.28,581.0,554.0,468000.0,69.8,61562.0,200733.0,131597.0,9.1,93.7749,13212.8,333189.0,1164024.0,38.7,224.093,1.25,0.0
2011-05-31,1.3,2.6,2.99,618.0,561.0,418000.0,74.3,63711.0,207170.0,131703.0,9.0,93.888,13239.1,332409.0,1154888.0,39.6,224.806,1.27,0.0
2011-06-30,1.23,2.73,3.15,636.0,608.0,421000.0,71.5,63751.0,201579.0,131931.0,9.1,94.172,13295.7,335108.0,1166558.0,39.9,224.806,1.27,0.0
2011-07-31,1.31,2.46,2.72,621.0,623.0,406000.0,63.7,64756.0,206458.0,131992.0,9.0,94.636,13375.8,334922.0,1171851.0,40.7,225.395,1.26,0.0
2011-08-31,1.64,2.03,2.21,647.0,585.0,409000.0,55.8,64464.0,216705.0,132125.0,9.0,95.2749,13400.3,335163.0,1180548.0,40.5,226.106,1.26,0.0
2011-09-30,1.38,1.67,1.9,610.0,650.0,406000.0,59.5,65581.0,204738.0,132344.0,9.0,95.1961,13401.5,339011.0,1172878.0,40.4,226.597,1.26,0.0
2011-10-31,1.56,1.92,2.16,671.0,610.0,399000.0,60.8,67427.0,210799.0,132553.0,8.8,95.8568,13406.4,341058.0,1187685.0,38.7,226.75,1.26,0.0
2011-11-30,1.81,1.83,2.07,706.0,711.0,397000.0,63.7,64660.0,215531.0,132690.0,8.6,95.8485,13419.7,342214.0,1183388.0,40.2,227.169,1.26,0.0
2011-12-31,1.73,1.64,1.87,697.0,694.0,376000.0,69.9,68881.0,223835.0,132888.0,8.5,96.3571,13548.9,343093.0,1193759.0,40.4,227.223,1.26,0.0
2012-01-31,1.97,1.61,1.77,712.0,723.0,372000.0,75.0,67784.0,226295.0,133246.0,8.3,96.9318,13631.6,345656.0,1200818.0,40.2,227.842,1.25,0.0
2012-02-29,1.89,1.68,1.9,738.0,704.0,365000.0,75.3,69850.0,226783.0,133509.0,8.3,97.2435,13731.1,350345.0,1205143.0,39.7,228.329,1.25,0.0
2012-03-31,1.94,1.9,2.16,806.0,695.0,358000.0,76.2,69491.0,221729.0,133748.0,8.2,96.74,13798.5,351748.0,1204027.0,39.3,228.807,1.25,0.0
2012-04-30,1.82,1.68,1.85,732.0,753.0,372000.0,76.4,67718.0,218445.0,133825.0,8.2,97.4359,13868.1,349722.0,1207954.0,39.2,229.187,1.26,0.0
2012-05-31,1.73,1.32,1.52,796.0,708.0,381000.0,79.3,69334.0,219486.0,133932.0,8.2,97.6609,13850.3,349064.0,1211617.0,39.6,228.713,1.27,0.0
2012-06-30,1.5,1.34,1.58,794.0,757.0,372000.0,73.2,67543.0,217930.0,134013.0,8.2,97.6663,13837.1,345339.0,1208240.0,40.3,228.524,1.29,0.0
2012-07-31,1.47,1.28,1.4,849.0,740.0,372000.0,72.3,64800.0,222851.0,134157.0,8.2,97.8713,13752.9,346936.0,1210539.0,39.3,228.59,1.3,0.0
2012-08-31,1.44,1.35,1.48,840.0,754.0,377000.0,74.3,63535.0,200405.0,134339.0,8.1,97.4525,13768.5,351782.0,1209461.0,39.6,229.918,1.29,0.0
2012-09-30,1.62,1.42,1.55,930.0,847.0,376000.0,78.3,63822.0,216864.0,134517.0,7.8,97.381,13914.1,354575.0,1211283.0,39.8,231.015,1.29,0.0
2012-10-31,1.82,1.42,1.61,887.0,915.0,364000.0,82.6,66104.0,218355.0,134669.0,7.8,97.7193,14049.2,354747.0,1206602.0,39.6,231.638,1.29,0.0
2012-11-30,1.37,1.37,1.54,917.0,833.0,388000.0,82.7,66414.0,217176.0,134825.0,7.7,98.0777,14230.7,356158.0,1228837.0,39.0,231.249,1.28,0.0
2012-12-31,1.58,1.53,1.73,941.0,976.0,362000.0,72.9,66560.0,231169.0,135074.0,7.9,98.3101,14581.4,357519.0,1233388.0,37.6,231.221,1.29,0.0
2013-01-31,1.71,1.75,1.95,940.0,888.0,366000.0,73.8,69971.0,223063.0,135257.0,8.0,98.3342,13880.4,360257.0,1237216.0,35.6,231.679,1.29,0.0
2013-02-28,2.0,1.64,1.78,980.0,962.0,342000.0,77.6,66123.0,234445.0,135546.0,7.7,98.7941,13902.0,365227.0,1242279.0,36.4,232.937,1.27,0.0
2013-03-31,1.8,1.62,1.8,936.0,1010.0,375000.0,78.6,65898.0,217480.0,135689.0,7.5,99.1921,13932.2,362148.0,1235591.0,37.0,232.282,1.29,0.0
2013-04-30,1.71,1.48,1.65,1012.0,835.0,331000.0,76.4,67834.0,226467.0,135873.0,7.6,99.1065,13974.9,360499.0,1233842.0,36.5,231.797,1.3,0.0
2013-05-31,1.67,1.86,2.12,1003.0,930.0,353000.0,84.5,69461.0,236942.0,136096.0,7.5,99.1839,14052.5,362842.0,1247803.0,36.8,231.893,1.28,0.0
2013-06-30,1.56,2.16,2.48,942.0,839.0,340000.0,84.1,69491.0,246567.0,136279.0,7.5,99.3897,14083.9,364181.0,1243929.0,36.4,232.445,1.29,0.0
2013-07-31,1.54,2.29,2.56,997.0,880.0,334000.0,85.1,66264.0,220831.0,136391.0,7.3,99.0814,14072.0,366243.0,1244157.0,37.3,232.9,1.29,0.0
2013-08-31,1.67,2.39,2.75,964.0,917.0,325000.0,82.1,65887.0,224721.0,136646.0,7.2,99.6543,14117.3,365543.0,1249320.0,37.6,233.456,1.29,0.0
2013-09-30,1.75,2.31,2.62,1004.0,850.0,319000.0,77.5,66459.0,237493.0,136821.0,7.2,100.161,14181.7,365668.0,1253661.0,37.4,233.544,1.3,0.0
2013-10-31,1.39,2.26,2.53,1044.0,925.0,347000.0,73.2,64963.0,231736.0,137041.0,7.2,100.082,14152.3,366444.0,1260475.0,35.1,233.669,1.3,0.0
2013-11-30,1.54,2.47,2.69,1029.0,1100.0,312000.0,75.1,68320.0,243831.0,137317.0,6.9,100.3158,14209.6,366868.0,1275801.0,36.6,234.1,1.29,0.0
2013-12-31,1.5,2.66,2.97,1005.0,1002.0,332000.0,82.5,67592.0,238481.0,137372.0,6.7,100.5175,14266.5,369499.0,1270949.0,36.5,234.719,1.3,0.0
2014-01-31,1.85,2.33,2.65,976.0,888.0,340000.0,81.2,68261.0,224538.0,137561.0,6.6,100.1599,14369.2,366684.0,1258055.0,35.1,235.288,1.31,0.0
2014-02-28,1.41,2.33,2.61,1039.0,944.0,341000.0,81.6,67124.0,231380.0,137712.0,6.7,100.9168,14456.4,371335.0,1268722.0,36.5,235.547,1.31,0.0
2014-03-31,1.49,2.29,2.68,1067.0,970.0,330000.0,80.0,68418.0,235485.0,137985.0,6.7,101.8942,14555.0,375285.0,1279006.0,35.3,236.028,1.3,0.0
2014-04-30,1.79,2.25,2.64,1090.0,1043.0,345000.0,84.1,66400.0,237317.0,138298.0,6.2,101.9928,14624.5,379432.0,1280443.0,34.9,236.468,1.3,0.0
2014-05-31,1.85,2.11,2.44,1018.0,1007.0,312000.0,81.9,66155.0,234459.0,138513.0,6.3,102.3836,14689.5,379787.0,1283964.0,34.4,236.918,1.3,0.0
2014-06-30,1.95,2.06,2.49,1010.0,911.0,308000.0,82.5,69702.0,237501.0,138849.0,6.1,102.735,14760.1,380618.0,1283791.0,33.9,237.231,1.31,0.0
2014-07-31,1.92,2.05,2.55,1076.0,1085.0,303000.0,81.8,67519.0,300114.0,139072.0,6.2,102.9632,14821.1,381045.0,1291656.0,32.7,237.498,1.3,0.0
2014-08-31,1.74,1.87,2.32,1047.0,984.0,303000.0,82.5,68326.0,236400.0,139269.0,6.1,102.7688,14894.2,384017.0,1294102.0,32.0,237.46,1.31,0.0
2014-09-30,1.97,1.94,2.5,1077.0,1023.0,290000.0,84.6,69490.0,236112.0,139563.0,5.9,103.0641,14951.2,382277.0,1293829.0,31.9,237.477,1.31,0.0
2014-10-31,2.04,1.85,2.34,1094.0,1074.0,291000.0,86.9,65806.0,233072.0,139798.0,5.7,103.0764,15022.7,383323.0,1295747.0,32.3,237.43,1.32,0.0
2014-11-30,1.74,1.71,2.16,1059.0,1001.0,291000.0,88.8,63797.0,228727.0,140089.0,5.8,103.7126,15094.0,384459.0,1298950.0,32.7,236.983,1.34,0.0
2014-12-31,2.02,1.5,2.13,1072.0,1073.0,285000.0,93.6,66039.0,225104.0,140364.0,5.6,103.7044,15170.9,380682.0,1306392.0,32.7,236.252,1.35,0.0
2015-01-31,1.7,1.21,1.66,1049.0,1085.0,281000.0,98.1,64918.0,225739.0,140568.0,5.7,102.8905,15230.8,378518.0,1308978.0,32.0,234.747,1.38,0.0
2015-02-28,1.7,1.37,1.98,1127.0,886.0,317000.0,95.4,63754.0,217321.0,140827.0,5.5,102.2335,15313.3,377594.0,1303724.0,31.2,235.342,1.39,0.0
2015-03-31,1.7,1.38,1.91,1072.0,960.0,269000.0,93.0,65042.0,230136.0,140923.0,5.4,101.8914,15314.2,383681.0,1310961.0,30.5,235.976,1.38,0.0
2015-04-30,1.71,1.47,2.04,1166.0,1190.0,269000.0,95.9,64140.0,225656.0,141196.0,5.4,101.3355,15373.5,383893.0,1321167.0,30.9,236.222,1.38,0.0
2015-05-31,1.89,1.51,2.11,1272.0,1079.0,275000.0,90.7,62567.0,218316.0,141538.0,5.6,100.8883,15442.7,387155.0,1307579.0,30.7,237.001,1.38,0.0
2015-06-30,1.68,1.71,2.34,1379.0,1205.0,275000.0,96.1,63826.0,228948.0,141709.0,5.3,100.571,15479.0,387199.0,1309833.0,28.4,237.657,1.38,0.0
2015-07-31,1.84,1.53,2.12,1140.0,1146.0,269000.0,93.1,63498.0,228347.0,141991.0,5.2,101.2228,15518.6,390953.0,1313431.0,28.1,238.034,1.38,0.0
2015-08-31,1.76,1.47,2.13,1165.0,1130.0,279000.0,91.9,63168.0,222335.0,142125.0,5.1,101.0367,15550.5,390570.0,1315072.0,28.4,238.033,1.4,0.0
2015-09-30,1.78,1.42,2.06,1144.0,1224.0,272000.0,87.2,63297.0,217744.0,142275.0,5.0,100.7547,15570.5,388551.0,1327948.0,25.7,237.498,1.4,0.0
2015-10-31,1.59,1.41,2.08,1160.0,1058.0,275000.0,90.0,63423.0,226517.0,142579.0,5.0,100.2675,15608.0,387066.0,1325144.0,27.5,237.733,1.41,0.0
2015-11-30,1.55,1.27,1.99,1244.0,1172.0,265000.0,91.3,62071.0,224319.0,142808.0,5.1,99.5298,15615.4,388530.0,1322511.0,27.9,238.017,1.41,0.0
2015-12-31,1.63,1.21,2.11,1211.0,1146.0,276000.0,92.6,60201.0,217570.0,143077.0,5.0,99.0417,15668.4,389551.0,1320606.0,27.9,237.761,1.43,0.0
2016-01-31,1.4,1.18,1.61,1171.0,1092.0,282000.0,92.0,61840.0,228982.0,143210.0,4.8,99.5607,15695.5,387483.0,1321509.0,29.1,237.652,1.43,0.0
2016-02-29,1.72,0.96,1.41,1172.0,1225.0,269000.0,91.7,60985.0,216792.0,143406.0,4.9,99.0445,15695.9,390029.0,1332078.0,29.4,237.336,1.43,0.0
2016-03-31,1.61,1.05,1.57,1118.0,1111.0,271000.0,91.0,60742.0,218388.0,143662.0,5.0,98.3096,15731.6,388998.0,1332612.0,28.3,238.08,1.43,0.0
2016-04-30,1.56,1.06,1.61,1160.0,1163.0,278000.0,89.0,61003.0,229837.0,143854.0,5.1,98.6421,15758.9,391112.0,1331387.0,27.9,238.992,1.43,0.0
2016-05-31,1.43,0.97,1.5,1205.0,1148.0,263000.0,94.7,59411.0,223117.0,143900.0,4.8,98.4184,15777.2,392299.0,1323914.0,26.9,239.557,1.43,0.0
2016-06-30,1.45,0.91,1.23,1208.0,1203.0,262000.0,93.5,59363.0,206910.0,144147.0,4.9,98.8833,15821.4,397113.0,1331850.0,28.0,240.222,1.41,0.0
2016-07-31,1.5,0.79,1.18,1198.0,1239.0,266000.0,90.0,59725.0,216155.0,144520.0,4.8,98.9992,15891.5,396545.0,1330786.0,27.8,240.101,1.42,0.0
2016-08-31,1.54,0.78,1.25,1201.0,1171.0,261000.0,89.8,61548.0,217584.0,144661.0,4.9,98.85,15931.3,396293.0,1340941.0,27.2,240.545,1.42,0.0
2016-09-30,1.36,0.83,1.31,1303.0,1068.0,247000.0,91.2,59556.0,217396.0,144967.0,5.0,98.7457,15999.1,398797.0,1342844.0,26.5,241.176,1.41,0.0
2016-10-31,1.27,0.98,1.5,1254.0,1313.0,265000.0,87.2,59386.0,233461.0,145065.0,4.9,98.7611,16059.4,399637.0,1344497.0,26.6,241.741,1.41,0.0
2016-11-30,1.7,1.26,1.89,1230.0,1140.0,255000.0,93.8,59397.0,216353.0,145183.0,4.7,98.3491,16107.6,398680.0,1345017.0,25.9,242.026,1.42,0.0
2016-12-31,1.62,1.25,1.94,1248.0,1252.0,244000.0,98.2,59545.0,219525.0,145408.0,4.7,99.0214,16182.5,405114.0,1361415.0,26.3,242.637,1.39,0.0
2017-01-31,1.73,1.26,1.93,1303.0,1190.0,241000.0,98.5,60620.0,219277.0,145628.0,4.7,98.7611,16293.3,408269.0,1365202.0,25.3,243.618,1.39,0.0
2017-02-28,1.58,1.14,1.83,1234.0,1271.0,221000.0,96.3,60640.0,221514.0,145846.0,4.6,98.3646,16363.5,408155.0,1363025.0,25.5,244.006,1.39,0.0
2017-03-31,1.73,1.13,1.64,1272.0,1190.0,236000.0,96.9,61260.0,222944.0,145970.0,4.4,99.0137,16415.1,407630.0,1360169.0,25.1,243.892,1.39,0.0
2017-04-30,1.59,1.01,1.49,1251.0,1146.0,232000.0,97.0,61185.0,224150.0,146175.0,4.4,100.0224,16476.0,409134.0,1355381.0,24.1,244.193,1.39,0.0
2017-05-31,1.42,0.93,1.23,1208.0,1157.0,253000.0,97.1,61230.0,222292.0,146380.0,4.4,100.1408,16573.2,406609.0,1360858.0,24.7,244.004,1.4,0.0
2017-06-30,1.52,0.93,1.28,1353.0,1249.0,247000.0,95.0,60153.0,236980.0,146583.0,4.3,100.3471,16604.0,409067.0,1365370.0,24.6,244.163,1.4,0.0
2017-07-31,1.43,0.96,1.23,1256.0,1206.0,245000.0,93.4,61167.0,217739.0,146772.0,4.3,100.1068,16665.9,409113.0,1370870.0,24.6,244.243,1.4,0.0
2017-08-31,1.39,0.79,1.11,1319.0,1159.0,247000.0,96.8,61493.0,221312.0,146919.0,4.4,99.6925,16733.7,409606.0,1378509.0,24.0,245.183,1.4,0.0
2017-09-30,1.2,0.86,1.27,1273.0,1181.0,260000.0,95.1,63747.0,228782.0,147008.0,4.3,99.7954,16841.9,419021.0,1385196.0,26.1,246.435,1.38,0.0
2017-10-31,1.59,0.78,1.23,1356.0,1257.0,241000.0,100.7,63923.0,228333.0,147149.0,4.2,101.0247,16930.8,418999.0,1393064.0,26.2,246.626,1.37,0.0
2017-11-30,1.45,0.64,1.15,1299.0,1273.0,243000.0,98.5,63929.0,230235.0,147372.0,4.2,101.2664,16997.5,423224.0,1403474.0,25.7,247.284,1.36,0.0
2017-12-31,1.48,0.51,1.01,1311.0,1177.0,248000.0,95.9,63848.0,241711.0,147523.0,4.1,101.4644,17058.2,425545.0,1412747.0,24.2,247.805,1.35,0.0
2018-01-31,1.55,0.58,1.26,1317.0,1299.0,228000.0,95.7,64214.0,228219.0,147660.0,4.0,101.4625,17141.7,423202.0,1394188.0,24.2,248.859,1.37,0.0
2018-02-28,1.66,0.62,1.22,1321.0,1277.0,216000.0,99.7,65778.0,236950.0,148054.0,4.1,101.7085,17204.1,425507.0,1401163.0,22.9,249.529,1.37,0.0
2018-03-31,1.69,0.47,1.01,1385.0,1318.0,232000.0,101.4,64732.0,244343.0,148280.0,4.0,102.2067,17268.2,425087.0,1398064.0,24.0,249.577,1.36,0.0
2018-04-30,1.59,0.46,1.08,1378.0,1276.0,209000.0,98.8,65742.0,243872.0,148420.0,4.0,103.3329,17328.7,425899.0,1398213.0,22.5,250.227,1.36,0.0
2018-05-31,1.57,0.43,0.9,1338.0,1357.0,222000.0,98.0,67289.0,243168.0,148742.0,3.8,102.4024,17404.4,432340.0,1408616.0,21.1,250.792,1.34,0.0
2018-06-30,1.55,0.33,0.92,1345.0,1192.0,228000.0,98.2,68216.0,243778.0,148960.0,4.0,103.198,17488.4,430008.0,1402036.0,20.8,251.018,1.35,0.0
2018-07-31,1.36,0.29,0.93,1334.0,1208.0,207000.0,97.9,68880.0,235786.0,149020.0,3.8,103.3646,17587.6,432070.0,1405164.0,23.1,251.214,1.35,0.0
2018-08-31,1.46,0.24,0.75,1273.0,1288.0,211000.0,96.2,68087.0,245657.0,149277.0,3.8,104.0327,17664.0,432031.0,1412014.0,22.4,251.663,1.35,0.0
2018-09-30,1.25,0.24,0.86,1314.0,1250.0,210000.0,100.1,68025.0,247957.0,149358.0,3.7,104.1004,17693.5,431438.0,1411531.0,24.2,252.182,1.36,0.0
2018-10-31,1.31,0.28,0.81,1272.0,1221.0,216000.0,98.6,68616.0,238903.0,149527.0,3.8,103.9856,17749.8,435894.0,1406996.0,23.1,252.772,1.36,0.0
2018-11-30,1.0,0.21,0.64,1340.0,1181.0,237000.0,97.5,66704.0,235930.0,149617.0,3.8,104.0681,17795.7,438612.0,1411645.0,22.1,252.594,1.37,0.0
2018-12-31,0.99,0.21,0.24,1317.0,1095.0,238000.0,98.3,66641.0,243401.0,149809.0,3.9,104.0936,18012.4,428932.0,1408513.0,21.9,252.767,1.4,0.0
2019-01-31,1.0,0.18,0.22,1254.0,1226.0,234000.0,91.2,68021.0,236180.0,150060.0,4.0,103.4021,18078.6,430246.0,1411462.0,20.5,252.561,1.41,0.0
2019-02-28,1.1,0.21,0.28,1286.0,1121.0,221000.0,93.8,68101.0,231710.0,150067.0,3.8,102.8371,18152.9,431194.0,1408768.0,21.8,253.319,1.41,0.0
2019-03-31,1.2,0.14,0.01,1295.0,1191.0,203000.0,98.4,68651.0,240465.0,150295.0,3.8,102.8757,18226.6,438196.0,1405640.0,22.2,254.277,1.4,0.0
2019-04-30,1.4,0.24,0.08,1322.0,1272.0,224000.0,97.2,67929.0,232744.0,150591.0,3.7,102.274,18266.8,437735.0,1394958.0,22.5,255.233,1.41,0.0
2019-05-31,1.38,0.19,-0.21,1347.0,1293.0,222000.0,100.0,67781.0,224565.0,150618.0,3.6,102.392,18286.9,442514.0,1403604.0,24.0,255.296,1.41,0.0
2019-06-30,1.11,0.25,-0.12,1299.0,1243.0,226000.0,98.2,67234.0,224890.0,150838.0,3.6,102.4375,18324.3,442116.0,1405269.0,21.6,255.213,1.42,0.0
2019-07-31,1.3,0.13,-0.06,1379.0,1240.0,206000.0,98.4,66831.0,228956.0,150937.0,3.7,101.9408,18342.4,445304.0,1406165.0,19.6,255.802,1.42,0.0
2019-08-31,1.32,0.0,-0.49,1482.0,1375.0,215000.0,89.8,67236.0,230355.0,151169.0,3.6,102.639,18432.4,448519.0,1409855.0,21.9,256.036,1.42,0.0
2019-09-30,1.5,0.05,-0.2,1469.0,1311.0,215000.0,93.2,66378.0,226791.0,151365.0,3.5,102.2917,18477.3,444555.0,1405353.0,22.5,256.43,1.43,0.0
2019-10-31,1.41,0.17,0.15,1523.0,1325.0,215000.0,95.5,66137.0,226218.0,151460.0,3.6,101.4281,18546.3,445627.0,1389568.0,22.4,257.155,1.44,0.0
2019-11-30,1.38,0.17,0.19,1535.0,1353.0,231000.0,96.8,65331.0,218719.0,151667.0,3.6,101.9372,18629.5,449040.0,1396759.0,20.3,257.879,1.43,0.0
2019-12-31,1.48,0.34,0.37,1443.0,1548.0,231000.0,99.3,64197.0,222265.0,151794.0,3.6,101.7003,18594.0,449643.0,1390886.0,20.7,258.63,1.43,0.0
2020-01-31,1.57,0.18,-0.04,1495.0,1581.0,210000.0,99.8,63508.0,233656.0,152031.0,3.6,101.0338,18808.1,447774.0,1386608.0,21.9,259.127,1.43,0.0
2020-02-29,1.72,0.27,-0.14,1455.0,1549.0,215000.0,101.0,62719.0,240355.0,152293.0,3.5,101.3735,18904.6,447972.0,1391224.0,20.6,259.25,1.43,0.0
2020-03-31,,0.47,0.59,1346.0,1266.0,5946000.0,89.1,62287.0,204710.0,150895.0,4.4,97.4078,18591.4,420954.0,1330719.0,17.0,258.076,1.51,1.0
2020-04-30,,0.44,0.55,1076.0,936.0,3446000.0,71.8,56510.0,165166.0,130426.0,14.8,84.5619,20752.1,370296.0,1177479.0,7.2,256.032,1.74,1.0
2020-05-31,,0.49,0.51,1250.0,1039.0,1639000.0,72.3,57570.0,184417.0,133040.0,13.2,85.9604,19893.3,437957.0,1276086.0,10.5,255.802,1.56,0.0
2020-06-30,,0.5,0.5,1334.0,1266.0,1446000.0,78.1,59891.0,202777.0,137671.0,11.0,91.5934,19949.4,465800.0,1373101.0,14.4,257.042,1.42,0.0
2020-07-31,,0.44,0.46,1546.0,1526.0,1260000.0,72.5,61194.0,223750.0,139255.0,10.2,95.0256,20199.6,471873.0,1411729.0,17.0,258.352,1.37,0.0
2020-08-31,,0.58,0.61,1533.0,1396.0,881000.0,74.1,62016.0,226872.0,140821.0,8.4,95.9549,19597.4,473696.0,1413552.0,19.9,259.316,1.36,0.0
2020-09-30,,0.56,0.59,1636.0,1473.0,795000.0,80.4,63564.0,230481.0,141770.0,7.8,95.9669,19758.2,482702.0,1419956.0,21.5,259.997,1.36,0.0
2020-10-31,,0.74,0.79,1613.0,1543.0,773000.0,81.8,64014.0,236338.0,142460.0,6.9,96.7394,19763.6,480763.0,1432103.0,22.0,260.319,1.36,0.0
2020-11-30,,0.68,0.76,1703.0,1543.0,737000.0,76.9,64376.0,237115.0,142733.0,6.7,97.0816,19620.7,478079.0,1431857.0,23.3,260.911,1.36,0.0
2020-12-31,,0.8,0.84,1752.0,1614.0,773000.0,80.7,65513.0,241814.0,142548.0,6.7,98.363,19741.5,485949.0,1442553.0,23.2,262.045,1.34,0.0
2021-01-31,,1.0,1.05,1855.0,1630.0,803000.0,79.0,67186.0,249937.0,142863.0,6.4,98.8822,21826.1,501604.0,1472712.0,26.0,262.687,1.31,0.0
2021-02-28,,1.3,1.4,1711.0,1404.0,704000.0,76.8,67538.0,251426.0,143380.0,6.2,95.6149,20313.1,488805.0,1428248.0,27.6,263.579,1.34,0.0
2021-03-31,,1.58,1.71,1756.0,1696.0,658000.0,84.9,68846.0,253805.0,144232.0,6.1,98.3856,24535.1,539607.0,1482801.0,29.6,264.961,1.28,0.0
2021-04-30,,1.49,1.64,1721.0,1495.0,574000.0,88.3,70459.0,252613.0,144587.0,6.1,98.5587,21372.5,542199.0,1483733.0,28.4,266.614,1.26,0.0
2021-05-31,,1.44,1.57,1703.0,1589.0,427000.0,82.9,68635.0,253009.0,145065.0,5.8,99.4333,20970.3,536589.0,1455876.0,29.7,268.383,1.27,0.0
2021-06-30,,1.2,1.4,1654.0,1650.0,369000.0,85.5,70341.0,258284.0,145820.0,5.9,99.7987,21008.4,540152.0,1460523.0,32.0,270.654,1.26,0.0
2021-07-31,,1.05,1.18,1658.0,1597.0,380000.0,81.2,70638.0,259416.0,146762.0,5.4,100.2519,21234.4,528600.0,1465158.0,29.8,271.903,1.27,0.0
2021-08-31,,1.1,1.26,1736.0,1594.0,353000.0,70.3,71394.0,264287.0,147314.0,5.1,100.0437,21285.2,532477.0,1451943.0,29.4,272.676,1.28,0.0
2021-09-30,,1.24,1.48,1640.0,1577.0,374000.0,72.8,71387.0,259192.0,147771.0,4.7,98.8579,21164.2,536651.0,1457262.0,28.5,273.91,1.29,0.0
2021-10-31,,1.07,1.5,1707.0,1579.0,262000.0,71.7,72200.0,263534.0,148572.0,4.5,100.1861,21330.9,545361.0,1465891.0,26.8,276.55,1.28,0.0
2021-11-30,,0.91,1.38,1765.0,1705.0,222000.0,67.4,72662.0,268650.0,149230.0,4.1,100.8654,21439.1,551082.0,1470618.0,28.9,278.919,1.28,0.0
2021-12-31,,0.79,1.46,1919.0,1722.0,216000.0,70.6,73257.0,277487.0,149816.0,3.9,100.5726,21507.6,547277.0,1467940.0,28.0,280.845,1.31,0.0
2022-01-31,,0.61,1.57,1920.0,1702.0,231000.0,67.2,75242.0,280925.0,150006.0,4.0,100.1856,21503.8,560257.0,1485162.0,24.5,282.543,1.3,0.0
2022-02-28,,0.39,1.48,1857.0,1735.0,209000.0,62.8,75311.0,277036.0,150825.0,3.9,100.8064,21649.2,563777.0,1472992.0,26.4,284.5,1.31,0.0
2022-03-31,,0.04,1.8,1868.0,1712.0,214000.0,59.4,76146.0,277554.0,151315.0,3.7,101.3907,21747.5,574485.0,1470559.0,24.2,287.674,1.31,0.0
2022-04-30,,0.19,2.04,1859.0,1820.0,219000.0,65.2,75944.0,279157.0,151623.0,3.7,101.44,21821.7,580943.0,1469438.0,24.8,288.561,1.32,0.0
2022-05-31,,0.32,1.69,1704.0,1531.0,200000.0,58.4,76640.0,278740.0,151924.0,3.6,101.3335,21907.2,579844.0,1450168.0,22.5,291.298,1.34,0.0
2022-06-30,,0.06,1.26,1737.0,1551.0,212000.0,50.0,77118.0,284763.0,152358.0,3.6,101.018,22011.1,585556.0,1446858.0,22.3,294.957,1.34,0.0
2022-07-31,,-0.22,0.26,1703.0,1381.0,228000.0,51.5,77167.0,284460.0,153072.0,3.5,101.223,22218.4,579267.0,1452657.0,22.1,294.913,1.37,0.0
2022-08-31,,-0.3,0.19,1557.0,1531.0,210000.0,58.2,78114.0,282368.0,153362.0,3.6,101.0963,22357.1,581196.0,1468234.0,22.3,295.097,1.38,0.0
2022-09-30,,-0.39,0.5,1600.0,1488.0,189000.0,58.6,76945.0,282430.0,153582.0,3.5,101.2918,22487.0,579446.0,1465161.0,20.2,296.349,1.39,0.0
2022-10-31,,-0.41,-0.12,1594.0,1435.0,202000.0,59.9,77151.0,287071.0,153939.0,3.6,101.2529,22636.4,585006.0,1466963.0,20.7,298.007,1.39,0.0
2022-11-30,,-0.7,-0.69,1401.0,1424.0,209000.0,56.7,76483.0,279095.0,154242.0,3.6,100.9552,22705.7,576356.0,1451828.0,21.5,298.786,1.41,0.0
2022-12-31,,-0.53,-0.54,1410.0,1308.0,204000.0,59.8,76113.0,293358.0,154342.0,3.5,99.7664,22800.5,569119.0,1465472.0,19.4,298.832,1.43,0.0
2023-01-31,,-0.69,-1.18,1410.0,1361.0,200000.0,64.9,75395.0,288874.0,154776.0,3.5,100.505,22965.0,591964.0,1483458.0,20.4,300.42,1.4,0.0
2023-02-28,,-0.89,-0.96,1618.0,1399.0,209000.0,66.9,74193.0,280693.0,155066.0,3.6,100.6416,23113.0,586165.0,1471736.0,19.4,301.45,1.41,0.0
2023-03-31,,-0.58,-1.37,1480.0,1377.0,234000.0,62.0,73852.0,289270.0,155134.0,3.5,101.0205,23248.0,578812.0,1459513.0,19.5,301.821,1.43,0.0
2023-04-30,,-0.6,-1.66,1474.0,1354.0,214000.0,63.7,74424.0,290168.0,155375.0,3.4,101.253,23359.9,583874.0,1456995.0,20.9,302.845,1.42,0.0
2023-05-31,,-0.76,-1.88,1575.0,1584.0,230000.0,59.0,75363.0,289707.0,155655.0,3.6,100.9286,23468.5,586286.0,1472101.0,21.2,303.334,1.42,0.0
2023-06-30,,-1.06,-1.62,1464.0,1421.0,236000.0,64.2,74769.0,303971.0,155880.0,3.6,100.1196,23556.2,588670.0,1472700.0,20.7,304.014,1.42,0.0
2023-07-31,,-0.91,-1.58,1522.0,1460.0,238000.0,71.5,75140.0,293278.0,156043.0,3.5,100.9067,23635.2,589257.0,1482383.0,20.6,304.609,1.41,0.0
2023-08-31,,-0.76,-1.47,1561.0,1317.0,234000.0,69.4,74387.0,289128.0,156261.0,3.7,100.8393,23737.7,595191.0,1482238.0,20.4,306.082,1.4,0.0
2023-09-30,,-0.44,-0.96,1537.0,1371.0,216000.0,67.8,74534.0,298229.0,156417.0,3.7,101.0211,23833.1,598956.0,1491541.0,21.4,307.276,1.38,0.0
2023-10-31,,-0.19,-0.71,1528.0,1368.0,217000.0,63.8,74163.0,285976.0,156576.0,3.9,100.4689,23919.7,595517.0,1490802.0,21.5,307.696,1.4,0.0
2023-11-30,,-0.36,-1.08,1503.0,1514.0,214000.0,61.3,74284.0,298570.0,156703.0,3.7,100.8639,24038.2,593567.0,1497859.0,19.4,308.148,1.4,0.0
2023-12-31,,-0.35,-1.52,1519.0,1521.0,198000.0,69.7,74073.0,304324.0,156857.0,3.8,100.6031,24145.9,594256.0,1508602.0,22.2,308.741,1.4,0.0
2024-01-31,,-0.28,-1.43,1545.0,1381.0,225000.0,79.0,73668.0,280614.0,157032.0,3.7,99.2223,24363.4,588944.0,1492936.0,20.9,309.698,1.41,0.0
2024-02-29,,-0.39,-1.2,1577.0,1552.0,214000.0,76.9,73969.0,282623.0,157238.0,3.9,100.285,24475.0,593206.0,1494481.0,20.9,310.967,1.4,0.0
2024-03-31,,-0.39,-1.26,1476.0,1312.0,223000.0,79.4,73986.0,287423.0,157466.0,3.9,100.4575,24597.8,595969.0,1491307.0,21.6,312.345,1.4,0.0
2024-04-30,,-0.35,-0.77,1459.0,1385.0,209000.0,77.2,74040.0,286972.0,157530.0,3.9,100.2434,24690.5,595676.0,1490484.0,20.0,313.023,1.4,0.0
2024-05-31,,-0.38,-0.95,1407.0,1316.0,221000.0,69.1,73137.0,286829.0,157608.0,3.9,100.863,24807.7,600372.0,1503122.0,21.3,313.175,1.41,0.0
2024-06-30,,-0.35,-1.12,1461.0,1327.0,238000.0,68.2,73544.0,281128.0,157695.0,4.1,100.894,24904.1,599979.0,1506650.0,20.7,313.044,1.41,0.0
2024-07-31,,-0.2,-1.32,1436.0,1265.0,248000.0,66.4,73430.0,293234.0,157748.0,4.2,99.9757,24950.8,605814.0,1519102.0,20.6,313.569,1.4,0.0
2024-08-31,,0.0,-1.3,1476.0,1391.0,228000.0,67.9,73738.0,289926.0,157757.0,4.2,100.4309,25013.0,603601.0,1518385.0,21.0,314.062,1.41,0.0
2024-09-30,,0.15,-0.92,1434.0,1357.0,227000.0,70.1,74487.0,292469.0,157912.0,4.1,99.8084,25101.3,608774.0,1530455.0,22.6,314.732,1.4,0.0
2024-10-31,,0.12,-0.36,1428.0,1352.0,218000.0,70.5,73440.0,293266.0,157945.0,4.1,99.4695,25226.6,612772.0,1526325.0,22.9,315.631,1.41,0.0
2024-11-30,,0.05,-0.4,1508.0,1295.0,225000.0,71.8,74311.0,288340.0,158079.0,4.2,99.2925,25322.1,616344.0,1535297.0,23.7,316.528,1.4,0.0
2024-12-31,,0.33,0.21,1480.0,1514.0,209000.0,74.0,74595.0,290559.0,158316.0,4.1,100.3273,25418.6,621713.0,1547485.0,23.7,317.604,1.39,0.0
2025-01-31,,0.36,0.27,1460.0,1358.0,210000.0,71.7,75971.0,291195.0,158268.0,4.0,100.0647,25570.5,614980.0,1531801.0,22.0,318.961,1.4,0.0
2025-02-28,,0.25,-0.08,1454.0,1490.0,243000.0,64.7,75561.0,293985.0,158310.0,4.2,101.0993,25705.4,616714.0,1542684.0,21.4,319.679,1.39,0.0
2025-03-31,,0.34,-0.09,1481.0,1355.0,219000.0,57.0,75781.0,316215.0,158377.0,4.2,101.0404,25877.3,625121.0,1563633.0,22.9,319.785,1.38,0.0
2025-04-30,,0.57,-0.14,1422.0,1398.0,241000.0,52.2,74631.0,295229.0,158485.0,4.2,101.1279,26061.1,623521.0,1555663.0,23.2,320.302,1.38,0.0
2025-05-31,,0.52,0.05,1394.0,1282.0,246000.0,52.2,76049.0,344069.0,158498.0,4.3,100.9655,25925.8,618037.0,1550522.0,21.9,320.62,1.39,0.0
2025-06-30,,0.52,-0.17,1393.0,1382.0,232000.0,60.7,75608.0,311761.0,158478.0,4.1,101.4785,25975.7,624146.0,1556845.0,23.1,321.435,1.38,0.0
2025-07-31,,0.43,-0.04,1362.0,1420.0,219000.0,61.7,76154.0,303032.0,158542.0,4.3,101.894,26149.6,628747.0,1565953.0,24.0,322.169,1.37,0.0
2025-08-31,,0.64,0.0,1330.0,1291.0,236000.0,58.2,76806.0,312138.0,158472.0,4.3,101.6247,26278.1,632149.0,1562681.0,24.5,323.291,1.37,0.0
2025-09-30,,0.56,0.14,1415.0,1328.0,224000.0,55.1,77591.0,314147.0,158548.0,4.4,101.668,26381.0,632395.0,1551628.0,24.1,324.245,1.37,0.0
2025-10-31,,0.51,0.22,1411.0,1272.0,220000.0,53.6,77948.0,307570.0,158408.0,,101.2075,26411.3,631346.0,1553696.0,,,1.38,0.0
2025-11-30,,0.55,0.14,1388.0,1324.0,192000.0,51.0,78621.0,324305.0,158449.0,4.5,101.3605,26507.3,634477.0,1554422.0,23.1,325.063,1.37,0.0
2025-12-31,,0.71,0.51,1455.0,1387.0,200000.0,52.9,79262.0,321342.0,158432.0,4.4,101.6781,26585.1,634673.0,1567173.0,24.4,326.031,1.36,0.0
2026-01-31,,0.74,0.59,1376.0,1487.0,232000.0,56.4,79324.0,321314.0,158558.0,4.3,102.3963,26698.9,633709.0,,23.7,326.588,,0.0
2026-02-28,,0.59,0.3,,,214000.0,,,,158466.0,4.4,102.551,,,,25.7,327.46,,0.0
2026-03-31,,0.5,0.53,,,213000.0,,,,,,,,,,,,,
