Date,Forecast_Horizon,Actual_Recession,Recession_Current,Prob_Ensemble,Prob_Probit,Prob_RandomForest,CI_Lower,CI_Upper,CI_Std,Model_Spread,Prob_XGBoost,Prob_MarkovSwitching,Prob_HamiltonBenchmark,Prob_ChauvetPigerBenchmark,Prob_WrightProbit,Ref_RECPROUSM156N,Ref_JHGDPBRINDX
2015-01-31,6,0.0,0.0,7.752110559228715e-06,0.02222222222222222,0.026666666666666665,0.0,0.06,8.058121307133492e-05,0.012666666666666666,0.11111111640930176,0.5,0.133,0.013999999999999999,0.2699847528222921,1.4,13.3
2015-02-28,6,0.0,0.0,1.0487712848803969e-05,0.02222222222222222,0.026666666666666665,0.0,0.06,0.00010451245111669245,0.006466666666666666,0.11111111640930176,0.5,0.05,0.0202,0.256069477949135,2.02,
2015-03-31,6,0.0,0.0,9.726226577723675e-06,0.02222222222222222,0.026666666666666665,0.0,0.06,9.793907146019913e-05,0.008066666666666663,0.11111111640930176,0.5,0.05,0.018600000000000002,0.2590728848540233,1.86,
2015-04-30,6,0.0,0.0,2.648860328470467e-06,0.02222222222222222,0.011542789257179331,0.0,0.06,3.22747236255638e-05,0.011022222222222218,0.0,0.5,0.055999999999999994,0.011200000000000002,0.2539326497726012,1.12,5.6
2015-05-31,6,0.0,0.0,9.720207105005341e-07,0.02222222222222222,0.0,0.0,0.06,1.3898327797882025e-05,0.02222222222222222,0.0,0.5,0.05,0.0106,0.2509615632908292,1.06,
2015-06-30,6,0.0,0.0,6.278200800876387e-06,0.02222222222222222,0.026666666666666665,0.0,0.06,6.72552632174735e-05,0.016666666666666663,0.11111111640930176,0.5,0.05,0.01,0.24136328651000435,0.84,
2015-07-31,6,0.0,0.0,6.278200800876387e-06,0.02222222222222222,0.026666666666666665,0.0,0.06,6.72552632174735e-05,0.016666666666666663,0.11111111640930176,0.5,0.1,0.01,0.2505390145932552,0.54,10.0
2015-08-31,6,0.0,0.0,6.278200800876387e-06,0.02222222222222222,0.026666666666666665,0.0,0.06,6.72552632174735e-05,0.016666666666666663,0.11111111640930176,0.5,0.05,0.01,0.25011693978229016,0.8,
2015-09-30,6,0.0,0.0,1.0939389004651707e-05,0.03333333333333333,0.026666666666666665,0.0,0.06,0.00010838344695438032,0.02333333333333333,0.11111111640930176,0.5,0.05,0.01,0.2528731911499566,0.82,
2015-10-31,6,0.0,0.0,1.1659580799817799e-05,0.03333333333333333,0.026666666666666665,0.0,0.06,0.00011451564432550172,0.021933333333333332,0.11111111640930176,0.5,0.157,0.011399999999999999,0.25202531368051084,1.14,15.7
2015-11-30,6,0.0,0.0,1.3083682982062175e-05,0.03333333333333333,0.026666666666666665,0.0,0.06,0.00012650916581737116,0.019333333333333334,0.11111111640930176,0.5,0.05,0.013999999999999999,0.25606900879488853,1.4,
2015-12-31,6,0.0,0.0,1.124412691346983e-05,0.03333333333333333,0.026666666666666665,0.0,0.06,0.00011098403207931896,0.022733333333333335,0.11111111640930176,0.5,0.05,0.0106,0.253424524995045,1.06,
2016-01-31,6,0.0,0.0,1.0939389004651707e-05,0.03333333333333333,0.026666666666666665,0.0,0.06,0.00010838344695438032,0.02333333333333333,0.11111111640930176,0.5,0.225,0.01,0.27780937880648826,0.64,22.5
2016-02-29,6,0.0,0.0,1.0939389004651707e-05,0.03333333333333333,0.026666666666666665,0.0,0.06,0.00010838344695438032,0.02333333333333333,0.11111111640930176,0.5,0.05,0.01,0.2871551389398672,1.0,
2016-03-31,6,0.0,0.0,1.0939389004651707e-05,0.03333333333333333,0.026666666666666665,0.0,0.06,0.00010838344695438032,0.02333333333333333,0.11111111640930176,0.5,0.05,0.01,0.2786704542704687,0.82,
2016-04-30,6,0.0,0.0,7.341531361227667e-05,0.04309024375519442,0.07272727272727272,0.0,0.06,0.0005732564102533985,0.06272727272727273,0.11111111640930176,0.5,0.122,0.01,0.2780548038252367,0.52,12.2
2016-05-31,6,0.0,0.0,1.0939389004651707e-05,0.03333333333333333,0.026666666666666665,0.0,0.06,0.00010838344695438032,0.02333333333333333,0.11111111640930176,0.5,0.05,0.01,0.2829263533433725,0.7,
2016-06-30,6,0.0,0.0,5.6357971981987846e-05,0.03333333333333333,0.07272727272727272,0.0,0.06,0.0004536169819261181,0.06272727272727273,0.11111111640930176,0.5,0.05,0.01,0.29600092131330047,0.1,
2016-07-31,6,0.0,0.0,5.6357971981987846e-05,0.03333333333333333,0.07272727272727272,0.0,0.06,0.0004536169819261181,0.06272727272727273,0.11111111640930176,0.5,0.053,0.01,0.29841166959384424,0.14,5.3
2016-08-31,6,0.0,0.0,5.6357971981987846e-05,0.03333333333333333,0.07272727272727272,0.0,0.06,0.0004536169819261181,0.06272727272727273,0.11111111640930176,0.5,0.05,0.01,0.2950397886215355,0.26,
2016-09-30,6,0.0,0.0,1.0939389004651707e-05,0.03333333333333333,0.026666666666666665,0.0,0.06,0.00010838344695438032,0.02333333333333333,0.11111111640930176,0.5,0.05,0.01,0.29189777473209294,0.18,
2016-10-31,6,0.0,0.0,5.6357971981987846e-05,0.03333333333333333,0.07272727272727272,0.0,0.06,0.0004536169819261181,0.06272727272727273,0.11111111640930176,0.5,0.084,0.01,0.2834348602545142,0.28,8.4
2016-11-30,6,0.0,0.0,1.0939389004651707e-05,0.03333333333333333,0.026666666666666665,0.0,0.06,0.00010838344695438032,0.02333333333333333,0.11111111640930176,0.5,0.05,0.01,0.26549190303834935,0.18,
2016-12-31,6,0.0,0.0,1.0939389004651707e-05,0.03333333333333333,0.026666666666666665,0.0,0.06,0.00010838344695438032,0.02333333333333333,0.11111111640930176,0.5,0.05,0.01,0.26855747801495644,0.16,
2017-01-31,6,0.0,0.0,1.0939389004651707e-05,0.03333333333333333,0.026666666666666665,0.0,0.06,0.00010838344695438032,0.02333333333333333,0.11111111640930176,0.5,0.08199999999999999,0.01,0.26924799768572555,0.22,8.2
2017-02-28,6,0.0,0.0,1.0939389004651707e-05,0.03333333333333333,0.026666666666666665,0.0,0.06,0.00010838344695438032,0.02333333333333333,0.11111111640930176,0.5,0.05,0.01,0.2741845649118894,0.26,
2017-03-31,6,0.0,0.0,1.0939389004651707e-05,0.03333333333333333,0.026666666666666665,0.0,0.06,0.00010838344695438032,0.02333333333333333,0.11111111640930176,0.5,0.05,0.01,0.28948562433975256,0.08,
2017-04-30,6,0.0,0.0,1.0939389004651707e-05,0.03333333333333333,0.026666666666666665,0.0,0.06,0.00010838344695438032,0.02333333333333333,0.11111111640930176,0.5,0.033,0.01,0.29735952480527716,0.02,3.3
2017-05-31,6,0.0,0.0,1.0939389004651707e-05,0.03333333333333333,0.026666666666666665,0.0,0.06,0.00010838344695438032,0.02333333333333333,0.11111111640930176,0.5,0.05,0.01,0.31084389929892803,0.1,
2017-06-30,6,0.0,0.0,1.0939389004651707e-05,0.03333333333333333,0.026666666666666665,0.0,0.06,0.00010838344695438032,0.02333333333333333,0.11111111640930176,0.5,0.05,0.01,0.3146947556982199,0.12,
2017-07-31,6,0.0,0.0,5.6357971981987846e-05,0.03333333333333333,0.07272727272727272,0.0,0.06,0.0004536169819261181,0.06272727272727273,0.11111111640930176,0.5,0.024,0.01,0.3176979675889767,0.16,2.4
2017-08-31,6,0.0,0.0,1.0939389004651707e-05,0.03333333333333333,0.026666666666666665,0.0,0.06,0.00010838344695438032,0.02333333333333333,0.11111111640930176,0.5,0.05,0.01,0.3242773155697899,0.16,
2017-09-30,6,0.0,0.0,1.0939389004651707e-05,0.03333333333333333,0.026666666666666665,0.0,0.06,0.00010838344695438032,0.02333333333333333,0.0,0.5,0.05,0.01,0.3152369533310283,0.04,
2017-10-31,6,0.0,0.0,3.1591268090300605e-06,0.02222222222222222,0.015293304839492894,0.0,0.06,3.746721415917318e-05,0.01222222222222222,0.0,0.5,0.024,0.01,0.3176979675889767,0.0,2.4
2017-11-30,6,0.0,0.0,6.278200800876387e-06,0.02222222222222222,0.026666666666666665,0.0,0.06,6.72552632174735e-05,0.016666666666666663,0.0,0.5,0.05,0.01,0.32207630975696333,0.0,
2017-12-31,6,0.0,0.0,5.6357971981987846e-05,0.03333333333333333,0.07272727272727272,0.0,0.06,0.0004536169819261181,0.06272727272727273,0.11111111640930176,0.5,0.05,0.01,0.337818419261452,0.12,
2018-01-31,6,0.0,0.0,1.0939389004651707e-05,0.03333333333333333,0.026666666666666665,0.0,0.06,0.00010838344695438032,0.02333333333333333,0.0,0.5,0.027000000000000003,0.01,0.32380174883164625,0.4,2.7
2018-02-28,6,0.0,0.0,1.0939389004651707e-05,0.03333333333333333,0.026666666666666665,0.0,0.06,0.00010838344695438032,0.02333333333333333,0.11111111640930176,0.5,0.05,0.01,0.3263646457601259,0.18,
2018-03-31,6,0.0,0.0,1.0939389004651707e-05,0.03333333333333333,0.026666666666666665,0.0,0.06,0.00010838344695438032,0.02333333333333333,0.11111111640930176,0.5,0.05,0.01,0.3484272837788394,0.06,
2018-04-30,6,0.0,0.0,5.6357971981987846e-05,0.03333333333333333,0.07272727272727272,0.0,0.06,0.0004536169819261181,0.06272727272727273,0.11111111640930176,0.5,0.011000000000000001,0.01,0.3448017222569079,0.02,1.1
2018-05-31,6,0.0,0.0,5.6357971981987846e-05,0.03333333333333333,0.07272727272727272,0.0,0.06,0.0004536169819261181,0.06272727272727273,0.11111111640930176,0.5,0.05,0.01,0.35611455032851885,0.34,
2018-06-30,6,0.0,0.0,0.00010298080470362053,0.05672584800552803,0.07272727272727272,0.0,0.06,0.0007744400334772156,0.06272727272727273,0.11111111640930176,0.5,0.05,0.01,0.361685452902157,0.08,
2018-07-31,6,0.0,0.0,0.0001355540917402537,0.06882318159507798,0.07272727272727272,0.0,0.06,0.0009896759719546955,0.06272727272727273,0.11111111640930176,0.5,0.015,0.01,0.3610527011698277,0.1,1.5
2018-08-31,6,0.0,0.0,0.00044136148448648346,0.07777777777777778,0.12789061656511896,0.0,0.09661681759731475,0.002859344791240841,0.11789061656511897,0.11111111640930176,0.5,0.05,0.01,0.37251416935597526,0.08,
2018-09-30,6,0.0,0.0,0.0001639758982086608,0.07777777777777778,0.07272727272727272,0.0,0.06165872203079953,0.0011734376024601328,0.06777777777777778,0.11111111640930176,0.5,0.05,0.01,0.37445897566597786,0.2,
2018-10-31,6,0.0,0.0,0.0005312436456689304,0.07777777777777778,0.13999999999999999,0.0,0.10617685895348891,0.003379925482055587,0.12999999999999998,0.23372962772846223,0.5,0.024,0.01,0.37843746298374736,0.3,2.4
2018-11-30,6,0.0,0.0,0.0015205298819227547,0.07777777777777778,0.22125,0.0,0.17613715389481957,0.008706388815581102,0.21125,0.2953566312789917,0.5,0.05,0.01,0.38977735942263847,0.38,
2018-12-31,6,0.0,0.0,0.0015205298819227547,0.07777777777777778,0.22125,0.0,0.17613715389481957,0.008706388815581102,0.21125,0.26611132025718687,0.5,0.05,0.01,0.42467311251044826,0.54,
2019-01-31,6,0.0,0.0,0.004832461519911844,0.07777777777777778,0.3282678842523835,0.0,0.26686411350195616,0.023880908422572445,0.3070678842523835,0.3995475172996521,0.5,0.028999999999999998,0.0212,0.4260779547291323,2.12,2.9
2019-02-28,6,0.0,0.0,0.0006202840232631074,0.07777777777777778,0.13999999999999999,0.0,0.09751868928541405,0.0038872281289344672,0.11939999999999998,0.2,0.5,0.05,0.0206,0.4218670972785691,2.06,
2019-03-31,6,0.0,0.0,0.0005923369065750868,0.07777777777777778,0.13999999999999999,0.0,0.10010625685330411,0.0037288240639283873,0.12259999999999999,0.1375,0.5,0.05,0.0174,0.44212000847725513,1.74,
2019-04-30,6,0.0,0.0,0.0005923369065750868,0.07777777777777778,0.13999999999999999,0.0,0.10010625685330411,0.0037288240639283873,0.12259999999999999,0.17370863854885102,0.5,0.039,0.0174,0.43795512254325014,1.74,3.9
2019-05-31,6,0.0,0.0,0.0005312436456689304,0.07777777777777778,0.13999999999999999,0.0,0.10617685895348891,0.003379925482055587,0.12999999999999998,0.15605005919933318,0.5,0.05,0.01,0.456534437850164,0.9,
2019-06-30,6,0.0,0.0,0.0005312436456689304,0.07777777777777778,0.13999999999999999,0.0,0.10617685895348891,0.003379925482055587,0.12999999999999998,0.13122767955064774,0.5,0.05,0.01,0.4501250402809346,0.74,
2019-07-31,6,0.0,0.0,0.0001639758982086608,0.07777777777777778,0.07272727272727272,0.0,0.06165872203079953,0.0011734376024601328,0.06777777777777778,0.11111111640930176,0.5,0.038,0.01,0.4458611545510965,0.78,3.8
2019-08-31,6,0.0,0.0,0.001641971692050595,0.165879680310311,0.13999999999999999,0.0,0.13641152213734026,0.009324475212756308,0.155879680310311,0.11111111640930176,0.5,0.05,0.01,0.46452899603198633,0.54,
2019-09-30,6,1.0,0.0,0.0019850692950417912,0.17658128108805146,0.13999999999999999,0.0,0.13670160189613637,0.011038606449965491,0.15978128108805145,0.1375,0.5,0.05,0.0168,0.43470324878702205,1.68,
2019-10-31,6,1.0,0.0,0.0007540540446678524,0.09197936651374765,0.13999999999999999,0.0,0.0982824658283582,0.0046360887128913284,0.11959999999999998,0.2128247708082199,0.5,0.325,0.0204,0.3988480576027595,2.04,32.5
2019-11-30,6,1.0,0.0,0.0011777902890705337,0.13719426832666196,0.13999999999999999,0.0,0.12126418180590975,0.006925877237305323,0.12999999999999998,0.2575000047683716,0.5,0.05,0.01,0.3955386122018915,0.84,
2019-12-31,6,1.0,0.0,0.0007654439514411456,0.17075738808548038,0.07272727272727272,0.0,0.13230864939394285,0.0046991891546391325,0.16075738808548037,0.257427966594696,0.5,0.05,0.01,0.38383498621124856,0.7,
2020-01-31,6,1.0,0.0,0.0028331830355303924,0.285777839311901,0.07272727272727272,0.0,0.23605900516737427,0.015099381683274682,0.275777839311901,0.1791980117559433,0.5,0.971,0.01,0.41139675574527446,0.44,97.1
2020-02-29,6,1.0,0.0,0.11598247342066888,0.6799999999999999,0.2745489811269798,0.38136541533438895,0.9324357645923855,0.10065640141755594,0.6699999999999999,0.4633758902549744,0.5,0.05,0.01,0.41743010538978875,0.18,
2020-03-31,6,1.0,1.0,0.9889048835068025,0.8,0.58125,0.6659819532486971,1.0,0.0007331568887447056,0.40874999999999995,0.537047517299652,0.5,0.05,0.99,0.32046683183743363,100.0,
2020-04-30,6,0.0,1.0,0.9889048835068025,0.8,0.58125,0.6659819532486971,1.0,0.0007331568887447056,0.40874999999999995,0.49965484738349913,0.5,0.99,0.99,0.32144135621942616,100.0,100.0
2020-05-31,6,0.0,0.0,0.30533688102901047,0.8,0.42125,0.35478578062097166,1.0,0.05886966127529617,0.79,0.3375,0.5,0.05,0.01,0.3233996973247666,0.06,
2020-06-30,6,0.0,0.0,0.20775433370475066,0.8,0.30397727272727276,0.3479736941737397,1.0,0.0785643554552759,0.79,0.25356740951538087,0.5,0.05,0.01,0.3248907933056723,0.04,
2020-07-31,6,0.0,0.0,0.043998574967338624,0.6777777777777778,0.07272727272727272,0.032956207762497525,0.6351551357291806,0.10252250336743167,0.6677777777777778,0.11111111640930176,0.5,0.01,0.01,0.3275418860805744,0.06,0.0
2020-08-31,6,0.0,0.0,0.01912746479865265,0.5333333333333334,0.07272727272727272,0.0,0.4666525862583492,0.06657047806369115,0.5233333333333334,0.11111111640930176,0.5,0.05,0.01,0.3198125653648769,0.0,
2020-09-30,6,0.0,0.0,1.3825329289654265e-06,0.0,0.026666666666666665,0.0,0.06,1.86646620675927e-05,0.026666666666666665,0.11111111640930176,0.5,0.05,0.01,0.3207930354102933,0.02,
2020-10-31,6,0.0,0.0,1.3825329289654265e-06,0.0,0.026666666666666665,0.0,0.06,1.86646620675927e-05,0.026666666666666665,0.11111111640930176,0.5,0.01,0.01,0.31106059813042963,0.02,0.4
2020-11-30,6,0.0,0.0,1.3825329289654265e-06,0.0,0.026666666666666665,0.0,0.06,1.86646620675927e-05,0.026666666666666665,0.11111111640930176,0.5,0.05,0.01,0.31251013300616,0.34,
2020-12-31,6,0.0,0.0,1.3825329289654265e-06,0.0,0.026666666666666665,0.0,0.06,1.86646620675927e-05,0.026666666666666665,0.11111111640930176,0.5,0.05,0.01,0.30865292820114604,0.02,
2021-01-31,6,0.0,0.0,1.3825329289654265e-06,0.0,0.026666666666666665,0.0,0.06,1.86646620675927e-05,0.026666666666666665,0.11111111640930176,0.5,0.01,0.01,0.2980795727405555,0.04,0.2
2021-02-28,6,0.0,0.0,1.3825329289654265e-06,0.0,0.026666666666666665,0.0,0.06,1.86646620675927e-05,0.026666666666666665,0.11111111640930176,0.5,0.05,0.01,0.2818944498501983,0.02,
2021-03-31,6,0.0,0.0,2.2618321524260925e-08,0.0,0.0,0.0,0.06,6.381441128266929e-07,0.01,0.11111111640930176,0.5,0.05,0.01,0.2677793635852043,0.0,
2021-04-30,6,0.0,0.0,2.2618321524260925e-08,0.0,0.0,0.0,0.06,6.381441128266929e-07,0.01,0.0,0.5,0.01,0.01,0.27063024008241066,0.2,0.3
2021-05-31,6,0.0,0.0,2.2618321524260925e-08,0.0,0.0,0.0,0.06,6.381441128266929e-07,0.01,0.0,0.5,0.05,0.01,0.2737378398772799,0.16,
2021-06-30,6,0.0,0.0,2.2618321524260925e-08,0.0,0.0,0.0,0.06,6.381441128266929e-07,0.01,0.0,0.5,0.05,0.01,0.28215352485907813,0.14,
2021-07-31,6,0.0,0.0,4.004759391531498e-08,0.0,0.001984853447387548,0.0,0.06,1.012338125751147e-06,0.01,0.11111111640930176,0.5,0.012,0.01,0.2920056675157716,0.14,1.2
2021-08-31,6,0.0,0.0,2.0144831728331186e-06,0.0,0.026666666666666665,0.0,0.06,2.561403537786768e-05,0.026666666666666665,0.11111111640930176,0.5,0.05,0.0146,0.28803406712423035,1.46,
2021-09-30,6,0.0,0.0,7.517133556261794e-06,0.02222222222222222,0.026666666666666665,0.0,0.06,7.848020040507853e-05,0.013266666666666664,0.0037390872836112975,0.5,0.05,0.0134,0.2780182606701059,1.34,
2021-10-31,6,0.0,0.0,6.278200800876387e-06,0.02222222222222222,0.026666666666666665,0.0,0.06,6.72552632174735e-05,0.016666666666666663,0.07082355618476868,0.5,0.012,0.01,0.2773694076446582,0.14,1.2
2021-11-30,6,0.0,0.0,3.0760569388573654e-06,0.02222222222222222,0.014898565478995087,0.0,0.06,3.6630390379045475e-05,0.01222222222222222,0.0,0.5,0.05,0.01,0.2828048210236243,0.24,
2021-12-31,6,0.0,0.0,4.4592352299084633e-08,0.0,0.0,0.0,0.06,1.104409928092119e-06,0.0124,0.0,0.5,0.05,0.0124,0.27917404639676796,1.24,
2022-01-31,6,0.0,0.0,2.2618321524260925e-08,0.0,0.0,0.0,0.06,6.381441128266929e-07,0.01,0.0,0.5,0.374,0.01,0.2744742547550313,1.0,37.4
2022-02-28,6,0.0,0.0,9.166623896602581e-07,0.02222222222222222,0.0,0.0,0.06,1.3234297613538866e-05,0.02222222222222222,0.0,0.5,0.05,0.01,0.27852353654563716,0.24,
2022-03-31,6,0.0,0.0,4.445384756026971e-06,0.02222222222222222,0.02065053143539445,0.0,0.06,5.008553771823932e-05,0.01222222222222222,0.0,0.5,0.05,0.01,0.27002930035778794,0.22,
2022-04-30,6,0.0,0.0,1.0939389004651707e-05,0.03333333333333333,0.026666666666666665,0.0,0.06,0.00010838344695438032,0.02333333333333333,0.11111111640930176,0.5,0.292,0.01,0.2592121063608504,0.38,29.2
2022-05-31,6,0.0,0.0,0.00013056503425831116,0.06711577736996108,0.07272727272727272,0.0,0.06,0.0009570620856182649,0.06272727272727273,0.1948680743575096,0.5,0.05,0.01,0.28722011635096567,0.58,
2022-06-30,6,0.0,0.0,0.0006508131768534135,0.07777777777777778,0.15397727272727274,0.0,0.11762396817927016,0.004059458650977259,0.14397727272727273,0.2375817060470581,0.5,0.05,0.01,0.33076147733173755,0.4,
2022-07-31,6,0.0,0.0,0.0006508131768534135,0.07777777777777778,0.15397727272727274,0.0,0.11762396817927016,0.004059458650977259,0.14397727272727273,0.2375817060470581,0.5,0.083,0.01,0.4201744947471013,0.2,8.3
2022-08-31,6,0.0,0.0,0.0006634629412556732,0.07777777777777778,0.15534269300378298,0.0,0.1187614633420999,0.004130583469973918,0.14534269300378297,0.2467000499367714,0.5,0.05,0.01,0.42543849472863426,0.26,
2022-09-30,6,0.0,0.0,0.00412426281791553,0.07777777777777778,0.32125,0.0,0.26729019822767,0.02088272171255122,0.31124999999999997,0.3791680097579956,0.5,0.05,0.01,0.4317157143565048,0.34,
2022-10-31,6,0.0,0.0,0.010131049755305875,0.17586364480046593,0.33584489687465063,0.0,0.26606569489588733,0.04321768789954686,0.3258448968746506,0.4542567729949951,0.5,0.076,0.01,0.4786792611505918,0.64,7.6
2022-11-30,6,0.0,0.0,0.05503080469908963,0.3223793827605291,0.4712022122084516,0.21092579863227734,0.5951290094735754,0.10874493220258633,0.4610022122084516,0.4559747099876404,0.5,0.05,0.0102,0.5565228992563258,1.02,
2022-12-31,6,0.0,0.0,0.016875347750623354,0.16162523526670464,0.42480871443221335,0.0,0.342748385355951,0.06163454935975128,0.41480871443221334,0.384702467918396,0.5,0.05,0.01,0.5666681248159774,0.94,
2023-01-31,6,0.0,0.0,0.0053211625928389,0.14666666666666667,0.2819884408578237,0.0,0.22207853696713303,0.025885075848299657,0.2719884408578237,0.37843148708343505,0.5,0.049,0.01,0.6190318947685883,0.16,4.9
2023-02-28,6,0.0,0.0,0.003503043603972343,0.15971006697357412,0.22125,0.0,0.17742207054257061,0.018154478476752483,0.21125,0.2288250207901001,0.5,0.05,0.01,0.6122416201912858,0.18,
2023-03-31,6,0.0,0.0,0.03703253784701385,0.3845885623037054,0.33393967828167403,0.11910513255234814,0.4516155622210588,0.0954710566776043,0.3745885623037054,0.33103252947330475,0.5,0.05,0.01,0.6572751343226855,0.22,
2023-04-30,6,0.0,0.0,0.013742333925055927,0.41536638758767397,0.13999999999999999,0.0,0.33799970782299366,0.05382630901987359,0.40536638758767396,0.20455331802368165,0.5,0.03,0.01,0.6799374074539737,0.22,3.0
2023-05-31,6,0.0,0.0,0.03649924313680591,0.6431620063437004,0.07272727272727272,0.0,0.5696878764676618,0.09481637577258929,0.6331620063437003,0.1375,0.5,0.05,0.01,0.7078906200769443,0.2,
2023-06-30,6,0.0,0.0,0.010410174096853828,0.428888888888889,0.0865948952735661,0.0,0.3642342697170254,0.04410519027605327,0.418888888888889,0.1375,0.5,0.05,0.01,0.6881931480161153,0.18,
2023-07-31,6,0.0,0.0,0.015044019426238262,0.428888888888889,0.13999999999999999,0.0,0.35012676520751407,0.057215603535414654,0.418888888888889,0.1875,0.5,0.01,0.01,0.6962171760930753,0.02,0.9
2023-08-31,6,0.0,0.0,0.031384350960043716,0.5488888888888889,0.13999999999999999,0.01411680470265303,0.4733390254313259,0.08779296008960656,0.5388888888888889,0.1375,0.5,0.05,0.01,0.6876296378761124,0.06,
2023-09-30,6,0.0,0.0,0.007007357885059071,0.3850236380801227,0.07766410419387688,0.0,0.32638834618763984,0.032429816866110975,0.3750236380801227,0.1375,0.5,0.05,0.01,0.6461759599950679,0.16,
2023-10-31,6,0.0,0.0,0.029311360948058286,0.5369443346670132,0.13999999999999999,0.0036349033051225332,0.45190820122449515,0.08462449296708147,0.5269443346670132,0.2570398263633251,0.5,0.02,0.01,0.6249726728420065,0.36,2.0
2023-11-30,6,0.0,0.0,0.01944973810259464,0.46871778609252085,0.13999999999999999,0.0,0.3860785125513503,0.06723701838023131,0.45871778609252084,0.1375,0.5,0.05,0.01,0.6561586867729458,0.26,
2023-12-31,6,0.0,0.0,0.012764393527674254,0.43019602828031295,0.11433289464233116,0.0,0.3572858017383611,0.05113433585956848,0.42019602828031294,0.1375,0.5,0.05,0.01,0.6915495207689119,0.86,
2024-01-31,6,0.0,0.0,0.029764985422534276,0.5488888888888889,0.11752512676801877,0.0024440810629223764,0.46012943281167706,0.08533098655341788,0.5256888888888889,0.1375,0.5,0.04,0.0232,0.6844742519190752,2.32,4.0
2024-02-29,6,0.0,0.0,0.025675130663047198,0.514269815621861,0.13999999999999999,0.0,0.42753346423041166,0.07871496236383288,0.504269815621861,0.1375,0.5,0.05,0.01,0.6660053420660688,0.38,
2024-03-31,6,0.0,0.0,0.015460061146710462,0.43301661767967736,0.13999999999999999,0.0,0.35383724888371587,0.05825420928390255,0.42301661767967735,0.3339705944061279,0.5,0.05,0.01,0.670875579110992,0.32,
2024-04-30,6,0.0,0.0,0.0126085284664351,0.4027419398333654,0.13999999999999999,0.0,0.3267207834435831,0.0506933101495141,0.3927419398333654,0.38337589502334596,0.5,0.024,0.01,0.6301089345994144,0.2,2.4
2024-05-31,6,0.0,0.0,0.01188023027714407,0.39415504554969594,0.13999999999999999,0.0,0.3190749728683819,0.048587747605242544,0.38415504554969593,0.1875,0.5,0.05,0.01,0.6453381401009611,0.16,
2024-06-30,6,0.0,0.0,0.04583392557717303,0.531914811028009,0.22634295550505704,0.13206446284628992,0.5602770285733831,0.10393250326965725,0.521914811028009,0.3964705944061279,0.5,0.05,0.01,0.6594563569148179,0.3,
2024-07-31,6,0.0,0.0,0.1045712953566481,0.6904556661357037,0.24002590511344782,0.33979564381337923,0.905016859194878,0.10206641254868433,0.6804556661357037,0.2562856048345566,0.5,0.023,0.01,0.6757093788167877,0.48,2.3
2024-08-31,6,0.0,0.0,0.08332728527669822,0.7398084200325976,0.13999999999999999,0.22538813799921936,0.8610996276590694,0.10806708701003098,0.7298084200325976,0.11111111640930176,0.5,0.05,0.01,0.6741022075213909,0.32,
2024-09-30,6,0.0,0.0,0.03011586011412086,0.5416569705236027,0.13999999999999999,0.007701234958192887,0.46029251796774995,0.08587256102439546,0.5316569705236027,0.11111111640930176,0.5,0.05,0.01,0.6206760459795513,0.5,
2024-10-31,6,0.0,0.0,0.03658948115843888,0.5763379501873439,0.13999999999999999,0.04025400347380159,0.524691583718997,0.0949282722639802,0.5663379501873439,0.11111111640930176,0.5,0.068,0.01,0.5731844488101409,0.32,6.8
2024-11-30,6,0.0,0.0,0.00852510406913211,0.3891531044418888,0.09910312634870011,0.0,0.32374573941419144,0.03787409813095767,0.37915310444188877,0.11111111640930176,0.5,0.05,0.01,0.5658319585291235,0.14,
2024-12-31,6,0.0,0.0,0.0005312436456689304,0.07777777777777778,0.13999999999999999,0.0,0.10617685895348891,0.003379925482055587,0.12999999999999998,0.18828166723251344,0.5,0.05,0.01,0.5034430475025474,0.1,
2025-01-31,6,0.0,0.0,0.0005312436456689304,0.07777777777777778,0.13999999999999999,0.0,0.10617685895348891,0.003379925482055587,0.12999999999999998,0.1375,0.5,0.11699999999999999,0.01,0.49835315753926046,0.42,11.7
2025-02-28,6,0.0,0.0,0.0032653157795871873,0.23339691347850108,0.13999999999999999,0.0,0.1832171321429322,0.01708433127569389,0.22339691347850107,0.2,0.5,0.05,0.01,0.528015156338575,0.14,
2025-03-31,6,0.0,0.0,0.0034837237482583036,0.24036024094184777,0.13999999999999999,0.0,0.18860660830733475,0.018068066017756533,0.23036024094184776,0.21397058963775634,0.5,0.05,0.01,0.5288607369716979,0.12,
2025-04-30,6,0.0,0.0,0.022152245588463397,0.4084809673476462,0.22125,0.008079269169272707,0.33363457525565887,0.07250240536715821,0.3984809673476462,0.29376319944858553,0.5,0.027000000000000003,0.01,0.5330860597878068,0.22,2.7
2025-05-31,6,0.0,0.0,0.013824835130756243,0.24611377477446256,0.31013888888888885,0.0,0.2581406012226392,0.05404758596578015,0.30013888888888884,0.35021103024482725,0.5,0.05,0.01,0.5170097363464852,0.52,
2025-06-30,6,0.0,0.0,0.01339811213607904,0.24148397040219627,0.31013888888888885,0.0,0.2568022836598322,0.0528933845545051,0.30013888888888884,0.2952159225940704,0.5,0.05,0.01,0.5356190161435285,0.24,
2025-07-31,6,0.0,0.0,0.0025091702579474458,0.12491656582704555,0.22125,0.0,0.17270721549751528,0.013575307966244836,0.21125,0.21397058963775634,0.5,0.018000000000000002,0.01,0.524631274236188,0.22,1.8
2025-08-31,6,0.0,0.0,0.002268725171205703,0.1149580282636355,0.22125,0.0,0.1724860489722049,0.012423027334700147,0.21125,0.39827479124069215,0.5,0.05,0.01,0.5212451287775021,0.86,
2025-09-30,6,0.0,0.0,0.012131515702360813,0.13816490860551695,0.3989983415810697,0.0,0.32371457476438525,0.04932264893945303,0.3889983415810697,0.46077516078948977,0.5,0.05,0.01,0.49966923724212503,0.82,
2025-10-31,6,0.0,0.0,0.01254439181888898,0.1292817133655158,0.41271987273127814,0.0,0.3378024493173233,0.050510860375816216,0.40271987273127813,0.4955916523933411,0.5,0.077,0.01,0.4838338759718923,0.9,7.7
2025-11-30,6,0.0,0.0,0.00373311752852357,0.07777777777777778,0.31013888888888885,0.0,0.25705067873928905,0.019176144597081057,0.30013888888888884,0.35841922760009765,0.5,0.05,0.01,0.49157658412106214,0.56,
2025-12-31,6,0.0,0.0,0.0015205298819227547,0.07777777777777778,0.22125,0.0,0.17613715389481957,0.008706388815581102,0.21125,0.28249638676643374,0.5,0.05,0.01,0.4519381195567836,0.3,
2026-01-31,6,0.0,0.0,0.0015205298819227547,0.07777777777777778,0.22125,0.0,0.17613715389481957,0.008706388815581102,0.21125,0.3503441035747528,0.5,0.07,0.01,0.4455904980913967,0.2,7.0
2026-02-28,6,0.0,0.0,0.0001639758982086608,0.07777777777777778,0.07272727272727272,0.0,0.06165872203079953,0.0011734376024601328,0.06777777777777778,0.21397058963775634,0.5,0.05,0.01,0.46866993098661475,0.04,
2026-03-31,6,0.0,0.0,5.6357971981987846e-05,0.03333333333333333,0.07272727272727272,0.0,0.06,0.0004536169819261181,0.06272727272727273,0.11111111640930176,0.5,0.05,0.01,0.4447982486039,0.08,
2026-04-30,6,0.0,0.0,5.6357971981987846e-05,0.03333333333333333,0.07272727272727272,0.0,0.06,0.0004536169819261181,0.06272727272727273,0.11111111640930176,0.5,0.05,0.01,0.4353142518070566,0.1,
2026-05-31,6,,0.0,5.6357971981987846e-05,0.03333333333333333,0.07272727272727272,0.0,0.06,0.00045361698192611887,0.06272727272727273,0.11111111640930176,0.5,0.05,0.01,0.43145067553918454,0.12,
2026-06-30,6,,0.0,0.0001639758982086608,0.07777777777777778,0.07272727272727272,0.0,0.06165872203079953,0.001173437602460134,0.06777777777777778,0.11111111640930176,0.5,0.05,0.01,0.4468043151948006,0.1,
2026-07-31,6,,0.0,5.6357971981987846e-05,0.03333333333333333,0.07272727272727272,0.0,0.06,0.00045361698192611887,0.06272727272727273,0.11111111640930176,0.5,0.05,0.01,0.41927248912774917,0.24,
2026-08-31,6,,0.0,8.304075787160598e-05,0.047900012267298224,0.07272727272727272,0.0,0.06,0.0006395010007226596,0.06272727272727273,0.11111111640930176,0.5,0.05,0.01,0.4255276947739066,0.62,
2026-09-30,6,,0.0,0.00014938617402820094,0.03333333333333333,0.07272727272727272,0.0,0.06,0.0010795183999324498,0.03939393939393939,0.11111111640930176,0.5,0.05,0.05,0.41431155190674995,,
2026-10-31,6,,,0.00014938617402820094,0.03333333333333333,0.07272727272727272,0.0,0.06,0.0010795183999324498,0.03939393939393939,0.11111111640930176,0.5,0.05,0.05,0.41431155190674995,,
